TITLE = "2D Euler MMS Solution"
VARIABLES = "X" "Y" "rho" "u" "v" "P" "Mach" "ghost"
ZONE T="iter=0_phys", STRANDID=1, SOLUTIONTIME=0, I=9 J=9, DATAPACKING=BLOCK
VARLOCATION=([3-8]=CELLCENTERED)
1
0.808828
0.674358
0.54532
0.372547
0.141224
-0.0664018
-0.212987
-0.3
0.984984
0.795752
0.665554
0.541485
0.375734
0.153962
-0.0450757
-0.185611
-0.269039
0.966571
0.777626
0.652196
0.53409
0.376946
0.166997
-0.021345
-0.154313
-0.233234
0.954479
0.757486
0.631824
0.515133
0.360635
0.154552
-0.030358
-0.161076
-0.238796
0.950588
0.748848
0.623456
0.508097
0.355852
0.152951
-0.0291863
-0.158115
-0.234899
0.950074
0.747078
0.623243
0.510097
0.361115
0.162684
-0.0154802
-0.141677
-0.216889
0.952598
0.749841
0.62898
0.51952
0.375831
0.184625
0.0129547
-0.10868
-0.181193
0.963305
0.762034
0.646058
0.542446
0.407099
0.227307
0.0659629
-0.0483361
-0.116453
1
0.800349
0.691447
0.596447
0.473469
0.31068
0.164786
0.0615006
0
1.1
0.98383
0.936983
0.907591
0.884739
0.875002
0.880941
0.891568
0.9
1.01139
0.908782
0.866917
0.840209
0.818472
0.806295
0.805995
0.809268
0.811707
0.875629
0.792111
0.756991
0.733614
0.712549
0.695107
0.683574
0.674077
0.666243
0.73916
0.674088
0.645375
0.625039
0.604269
0.581053
0.557799
0.535142
0.516765
0.649378
0.597127
0.573
0.555005
0.534907
0.508648
0.478584
0.448122
0.423452
0.582812
0.540853
0.520558
0.504683
0.485598
0.457831
0.423504
0.387938
0.35909
0.500018
0.471347
0.456121
0.44316
0.425684
0.396454
0.357112
0.31532
0.281306
0.381177
0.371991
0.364309
0.35576
0.340862
0.309765
0.263228
0.212314
0.170659
0.2
0.220915
0.224926
0.223207
0.212245
0.178006
0.119794
0.0540791
0
1.03155
1.08324
1.10845
1.11628
1.09223
1.03402
0.980051
0.949401
1.04934
1.09746
1.12006
1.12664
1.10435
1.05074
1.00002
0.970307
1.06967
1.1144
1.134
1.13836
1.1159
1.06502
1.01729
0.989244
1.08479
1.12735
1.14468
1.14697
1.12329
1.07305
1.02682
0.999917
1.09342
1.13467
1.15091
1.1526
1.12935
1.08053
1.03535
1.00872
1.09985
1.14
1.15578
1.15793
1.13676
1.09082
1.04707
1.02036
1.10579
1.14503
1.16088
1.16461
1.14765
1.10699
1.06588
1.0392
1.10804
1.14758
1.16481
1.17221
1.16316
1.13214
1.09645
1.07072
277.631
291.015
304.038
315.775
318.483
304.048
288.307
281.268
281.256
294.833
307.288
318.308
321.191
308.317
293.323
285.872
285.746
299.686
311.652
321.789
324.093
311.877
297.679
290.432
289.301
303.576
315.227
324.65
326.146
313.84
300.073
293.167
291.421
305.656
317.035
326.153
327.649
315.828
302.348
295.36
293.063
306.94
318.003
327.053
329.246
318.666
305.609
298.257
294.689
307.797
318.414
327.577
331.265
323.095
311.021
303.222
295.804
307.306
317.23
326.73
333.131
329.491
319.971
312.255
12.7869
17.2517
20.1918
22.9377
25.5158
26.7386
26.4536
25.6512
14.2181
18.1542
20.7843
23.2792
25.6847
26.925
26.8082
26.1846
15.1684
18.6809
21.038
23.2836
25.4497
26.535
26.3513
25.6861
15.2464
18.5846
20.7951
22.8792
24.8386
25.6944
25.2879
24.4224
14.8746
18.1509
20.2877
22.2854
24.1347
24.8703
24.3377
23.3469
14.1819
17.4326
19.5173
21.4549
23.2402
23.9257
23.3394
22.2793
12.7644
16.0593
18.1129
20.0037
21.7422
22.403
21.7793
20.6502
9.69884
13.2428
15.3396
17.229
18.9532
19.6054
18.9335
17.7098
107700
102045
97125
96099.6
103568
111851
109667
104403
109107
102998
98339.3
97493.7
104535
112967
112082
107657
110544
103740
99356
98944.7
105944
114128
113660
109665
111355
103961
99787.1
99796.8
106927
114696
113950
109871
111741
104079
99964.2
99995.4
106915
114579
114056
110101
112006
104253
100086
99820.1
106168
113935
114216
110742
112165
104489
100154
99215.2
104407
112243
113971
111544
111987
104876
100227
97987.9
100813
107959
111674
111239
0.726944
0.802749
0.869984
0.911972
0.876913
0.784327
0.731474
0.71982
0.738115
0.814915
0.878473
0.916949
0.885129
0.797729
0.743576
0.728374
0.752291
0.831748
0.891873
0.92488
0.891695
0.808106
0.755613
0.740101
0.764197
0.846468
0.904289
0.932491
0.895997
0.814012
0.763996
0.750055
0.771452
0.854446
0.911022
0.938033
0.902434
0.822232
0.77238
0.757931
0.77705
0.859204
0.915028
0.943453
0.912796
0.835681
0.784312
0.767284
0.782733
0.86231
0.917677
0.950296
0.930217
0.859608
0.805831
0.784021
0.786808
0.859929
0.915066
0.956411
0.957888
0.903377
0.848837
0.820073
0
0
0
0
0
0
0
0
0
0
0
0
0
0
0
0
0
0
0
0
0
0
0
0
0
0
0
0
0
0
0
0
0
0
0
0
0
0
0
0
0
0
0
0
0
0
0
0
0
0
0
0
0
0
0
0
0
0
0
0
0
0
0
0
TITLE = "2D Euler MMS Solution"
VARIABLES = "X" "Y" "rho" "u" "v" "P" "Mach" "ghost"
ZONE T="iter=0_ghosts", STRANDID=1, SOLUTIONTIME=0, I=13 J=13, DATAPACKING=BLOCK
VARLOCATION=([3-8]=CELLCENTERED)
1.37034
1.22683
1.03343
0.840031
0.696521
0.55655
0.368147
0.115451
-0.111459
-0.27166
-0.366766
-0.461872
-0.622073
1.34687
1.20813
1.01502
0.821905
0.683163
0.549155
0.369359
0.128487
-0.0877278
-0.240362
-0.330961
-0.42156
-0.574194
1.32564
1.19117
1
0.808828
0.674358
0.54532
0.372547
0.141224
-0.0664018
-0.212987
-0.3
-0.387013
-0.533598
1.30441
1.17422
0.984984
0.795752
0.665554
0.541485
0.375734
0.153962
-0.0450757
-0.185611
-0.269039
-0.352467
-0.493003
1.28095
1.15552
0.966571
0.777626
0.652196
0.53409
0.376946
0.166997
-0.021345
-0.154313
-0.233234
-0.312155
-0.445123
1.27713
1.15147
0.954479
0.757486
0.631824
0.515133
0.360635
0.154552
-0.030358
-0.161076
-0.238796
-0.316517
-0.447235
1.27772
1.15233
0.950588
0.748848
0.623456
0.508097
0.355852
0.152951
-0.0291863
-0.158115
-0.234899
-0.311683
-0.440612
1.2769
1.15307
0.950074
0.747078
0.623243
0.510097
0.361115
0.162684
-0.0154802
-0.141677
-0.216889
-0.292101
-0.418298
1.27622
1.15536
0.952598
0.749841
0.62898
0.51952
0.375831
0.184625
0.0129547
-0.10868
-0.181193
-0.253705
-0.37534
1.28055
1.16458
0.963305
0.762034
0.646058
0.542446
0.407099
0.227307
0.0659629
-0.0483361
-0.116453
-0.18457
-0.298869
1.30855
1.19965
1
0.800349
0.691447
0.596447
0.473469
0.31068
0.164786
0.0615006
0
-0.0615006
-0.164786
1.33655
1.23473
1.0367
0.838664
0.736837
0.650448
0.53984
0.394053
0.263609
0.171337
0.116453
0.0615692
-0.0307027
1.34089
1.24395
1.0474
0.850857
0.753915
0.673374
0.571108
0.436734
0.316617
0.231681
0.181193
0.130704
0.0457684
1.53177
1.47319
1.32437
1.17555
1.11697
1.08157
1.05693
1.0549
1.07831
1.10906
1.13376
1.15845
1.18921
1.37016
1.31833
1.18861
1.05888
1.00705
0.974973
0.951005
0.943709
0.955887
0.973869
0.988293
1.00272
1.0207
1.26302
1.21617
1.1
0.98383
0.936983
0.907591
0.884739
0.875002
0.880941
0.891568
0.9
0.908432
0.919059
1.15587
1.11401
1.01139
0.908782
0.866917
0.840209
0.818472
0.806295
0.805995
0.809268
0.811707
0.814147
0.81742
0.994268
0.959148
0.875629
0.792111
0.756991
0.733614
0.712549
0.695107
0.683574
0.674077
0.666243
0.658409
0.648912
0.832946
0.804232
0.73916
0.674088
0.645375
0.625039
0.604269
0.581053
0.557799
0.535142
0.516765
0.498388
0.475731
0.725756
0.701629
0.649378
0.597127
0.573
0.555005
0.534907
0.508648
0.478584
0.448122
0.423452
0.398782
0.368321
0.645066
0.624771
0.582812
0.540853
0.520558
0.504683
0.485598
0.457831
0.423504
0.387938
0.35909
0.330242
0.294676
0.543915
0.528689
0.500018
0.471347
0.456121
0.44316
0.425684
0.396454
0.357112
0.31532
0.281306
0.247291
0.205499
0.398045
0.390363
0.381177
0.371991
0.364309
0.35576
0.340862
0.309765
0.263228
0.212314
0.170659
0.129004
0.078091
0.175074
0.179085
0.2
0.220915
0.224926
0.223207
0.212245
0.178006
0.119794
0.0540791
0
-0.0540791
-0.119794
-0.0478959
-0.0321933
0.0188231
0.0698395
0.0855421
0.0906533
0.0836282
0.0462469
-0.0236398
-0.104156
-0.170659
-0.237163
-0.317679
-0.193766
-0.170519
-0.100018
-0.0295164
-0.00626981
0.00325397
-0.00119406
-0.040443
-0.117524
-0.207162
-0.281306
-0.355449
-0.445087
0.871997
0.923726
0.999406
1.05714
1.08715
1.09722
1.06947
1.00248
0.943323
0.912218
0.896483
0.888579
0.890004
0.94262
1.01709
1.07178
1.09921
1.10801
1.08218
1.01985
0.963411
0.93249
0.915827
0.904897
0.906348
0.959025
1.03155
1.08324
1.10845
1.11628
1.09223
1.03402
0.980051
0.949401
0.932015
0.91855
0.927153
0.979338
1.04934
1.09746
1.12006
1.12664
1.10435
1.05074
1.00002
0.970307
0.952699
0.937207
0.949972
1.00153
1.06967
1.1144
1.134
1.13836
1.1159
1.06502
1.01729
0.989244
0.972463
0.956977
0.96629
1.01732
1.08479
1.12735
1.14468
1.14697
1.12329
1.07305
1.02682
0.999917
0.983926
0.969152
0.97664
1.02679
1.09342
1.13467
1.15091
1.1526
1.12935
1.08053
1.03535
1.00872
0.992586
0.977115
0.985855
1.03458
1.09985
1.14
1.15578
1.15793
1.13676
1.09082
1.04707
1.02036
1.0035
0.9861
0.996028
1.04241
1.10579
1.14503
1.16088
1.16461
1.14765
1.10699
1.06588
1.0392
1.02117
1.00066
1.00401
1.04653
1.10804
1.14758
1.16481
1.17221
1.16316
1.13214
1.09645
1.07072
1.05154
1.02709
1.00455
1.04302
1.1036
1.14466
1.16387
1.17564
1.1759
1.15707
1.12962
1.10679
1.08783
1.06146
0.999957
1.03673
1.09768
1.13994
1.16004
1.17403
1.17985
1.16938
1.14851
1.12873
1.1109
1.08515
282.314
271.142
271.881
284.482
298.408
311.432
313.627
296.199
279.72
274.222
274.354
280.2
282.524
272.649
274.919
288.057
301.549
313.883
316.319
300.446
284.283
277.902
276.888
280.913
282.966
274.197
277.631
291.015
304.038
315.775
318.483
304.048
288.307
281.268
279.295
281.655
284.431
276.721
281.256
294.833
307.288
318.308
321.191
308.317
293.323
285.872
283.075
283.771
287.704
280.4
285.746
299.686
311.652
321.789
324.093
311.877
297.679
290.432
287.515
287.622
291.284
283.683
289.301
303.576
315.227
324.65
326.146
313.84
300.073
293.167
290.459
290.689
293.846
285.942
291.421
305.656
317.035
326.153
327.649
315.828
302.348
295.36
292.414
292.119
296.2
288.029
293.063
306.94
318.003
327.053
329.246
318.666
305.609
298.257
294.665
293.107
299.344
290.685
294.689
307.797
318.414
327.577
331.265
323.095
311.021
303.222
298.624
294.954
304.22
294.319
295.804
307.306
317.23
326.73
333.131
329.491
319.971
312.255
306.615
300.157
308.983
297.779
296.012
305.309
314.155
323.6
332.532
334.276
329.048
322.919
317.383
309.56
310.527
299.103
295.704
303.6
311.483
320.344
330.066
334.886
332.983
328.737
324.132
316.88
-4.63978
1.44361
9.02038
14.6033
18.1845
21.423
24.2714
25.2854
24.4238
23.0287
21.5919
19.3078
-1.06309
4.50568
11.2807
16.2378
19.4607
22.427
25.1342
26.2846
25.7731
24.7381
23.6304
21.7777
1.59436
6.68351
12.7869
17.2517
20.1918
22.9377
25.5158
26.7386
26.4536
25.6512
24.7539
23.1899
4.34639
8.8616
14.2181
18.1542
20.7843
23.2792
25.6847
26.925
26.8082
26.1846
25.4485
24.1196
6.43259
10.4241
15.1684
18.6809
21.038
23.2836
25.4497
26.535
26.3513
25.6861
24.9106
23.5634
7.03057
10.7527
15.2464
18.5846
20.7951
22.8792
24.8386
25.6944
25.2879
24.4224
23.4619
21.9058
6.87933
10.4685
14.8746
18.1509
20.2877
22.2854
24.1347
24.8703
24.3377
23.3469
22.2661
20.585
6.3171
9.81126
14.1819
17.4326
19.5173
21.4549
23.2402
23.9257
23.3394
22.2793
21.1256
19.3901
4.86577
8.32192
12.7644
16.0593
18.1129
20.0037
21.7422
22.403
21.7793
20.6502
19.4205
17.6554
1.27302
4.8761
9.69884
13.2428
15.3396
17.229
18.9532
19.6054
18.9335
17.7098
16.3871
14.6299
-4.45382
-0.475216
5.06899
9.08756
11.3098
13.2357
14.9415
15.543
14.7866
13.4753
12.1103
10.4875
-9.3455
-5.06536
1.07496
5.49658
7.81989
9.75668
11.4007
11.9058
11.0792
9.76657
8.48234
7.13127
93604.1
102001
105188
100181
94691.8
93262.7
101527
109151
104280
97774.9
93671.2
91663.6
95661.5
104076
106574
101240
96072.7
94904.4
102787
110797
107341
101422
97171.3
94094.9
98052.5
106104
107700
102045
97125
96099.6
103568
111851
109667
104403
100177
96332.1
101342
108744
109107
102998
98339.3
97493.7
104535
112967
112082
107657
103656
99273.9
104904
111632
110544
103740
99356
98944.7
105944
114128
113660
109665
105852
101338
107109
113478
111355
103961
99787.1
99796.8
106927
114696
113950
109871
106001
101404
108193
114341
111741
104079
99964.2
99995.4
106915
114579
114056
110101
106191
101338
108835
114786
112006
104253
100086
99820.1
106168
113935
114216
110742
106932
101752
108829
114709
112165
104489
100154
99215.2
104407
112243
113971
111544
108183
102891
106601
113003
111987
104876
100227
97987.9
100813
107959
111674
111239
109213
105004
101610
108933
110647
104898
100244
96748.7
96480.3
101158
105601
107116
107062
105701
97331
105071
108632
104123
99841.2
95947.5
93774
95874.8
99447.9
101564
102682
103657
0.728344
0.68962
0.708666
0.782053
0.856132
0.904935
0.862855
0.761415
0.713739
0.710395
0.719542
0.739063
0.72832
0.693574
0.718388
0.793376
0.863846
0.908736
0.870176
0.773327
0.722748
0.714987
0.721031
0.738457
0.727102
0.69691
0.726944
0.802749
0.869984
0.911972
0.876913
0.784327
0.731474
0.71982
0.722813
0.737542
0.727185
0.702206
0.738115
0.814915
0.878473
0.916949
0.885129
0.797729
0.743576
0.728374
0.728225
0.73955
0.731896
0.710315
0.752291
0.831748
0.891873
0.92488
0.891695
0.808106
0.755613
0.740101
0.739277
0.749503
0.73964
0.718381
0.764197
0.846468
0.904289
0.932491
0.895997
0.814012
0.763996
0.750055
0.750341
0.761663
0.746352
0.724676
0.771452
0.854446
0.911022
0.938033
0.902434
0.822232
0.77238
0.757931
0.757755
0.768524
0.7536
0.731242
0.77705
0.859204
0.915028
0.943453
0.912796
0.835681
0.784312
0.767284
0.764858
0.772858
0.765469
0.740898
0.782733
0.86231
0.917677
0.950296
0.930217
0.859608
0.805831
0.784021
0.777048
0.778789
0.789071
0.757085
0.786808
0.859929
0.915066
0.956411
0.957888
0.903377
0.848837
0.820073
0.80524
0.794331
0.821169
0.778749
0.790213
0.85275
0.905286
0.954161
0.982139
0.956509
0.910467
0.878037
0.855652
0.829548
0.841583
0.794165
0.794429
0.849133
0.897611
0.947498
0.990073
0.989082
0.956906
0.926618
0.901357
0.866732
1
1
1
1
1
1
1
1
1
1
1
1
1
1
1
1
1
1
1
1
1
1
1
1
1
1
0
0
0
0
0
0
0
0
1
1
1
1
0
0
0
0
0
0
0
0
1
1
1
1
0
0
0
0
0
0
0
0
1
1
1
1
0
0
0
0
0
0
0
0
1
1
1
1
0
0
0
0
0
0
0
0
1
1
1
1
0
0
0
0
0
0
0
0
1
1
1
1
0
0
0
0
0
0
0
0
1
1
1
1
0
0
0
0
0
0
0
0
1
1
1
1
1
1
1
1
1
1
1
1
1
1
1
1
1
1
1
1
1
1
1
1
1
1
ZONE T="iter=50_phys", STRANDID=1, SOLUTIONTIME=50, I=9 J=9, DATAPACKING=BLOCK
VARLOCATION=([3-8]=CELLCENTERED)
1
0.808828
0.674358
0.54532
0.372547
0.141224
-0.0664018
-0.212987
-0.3
0.984984
0.795752
0.665554
0.541485
0.375734
0.153962
-0.0450757
-0.185611
-0.269039
0.966571
0.777626
0.652196
0.53409
0.376946
0.166997
-0.021345
-0.154313
-0.233234
0.954479
0.757486
0.631824
0.515133
0.360635
0.154552
-0.030358
-0.161076
-0.238796
0.950588
0.748848
0.623456
0.508097
0.355852
0.152951
-0.0291863
-0.158115
-0.234899
0.950074
0.747078
0.623243
0.510097
0.361115
0.162684
-0.0154802
-0.141677
-0.216889
0.952598
0.749841
0.62898
0.51952
0.375831
0.184625
0.0129547
-0.10868
-0.181193
0.963305
0.762034
0.646058
0.542446
0.407099
0.227307
0.0659629
-0.0483361
-0.116453
1
0.800349
0.691447
0.596447
0.473469
0.31068
0.164786
0.0615006
0
1.1
0.98383
0.936983
0.907591
0.884739
0.875002
0.880941
0.891568
0.9
1.01139
0.908782
0.866917
0.840209
0.818472
0.806295
0.805995
0.809268
0.811707
0.875629
0.792111
0.756991
0.733614
0.712549
0.695107
0.683574
0.674077
0.666243
0.73916
0.674088
0.645375
0.625039
0.604269
0.581053
0.557799
0.535142
0.516765
0.649378
0.597127
0.573
0.555005
0.534907
0.508648
0.478584
0.448122
0.423452
0.582812
0.540853
0.520558
0.504683
0.485598
0.457831
0.423504
0.387938
0.35909
0.500018
0.471347
0.456121
0.44316
0.425684
0.396454
0.357112
0.31532
0.281306
0.381177
0.371991
0.364309
0.35576
0.340862
0.309765
0.263228
0.212314
0.170659
0.2
0.220915
0.224926
0.223207
0.212245
0.178006
0.119794
0.0540791
0
1.0346
1.08753
1.11157
1.11568
1.08759
1.02795
0.975275
0.946191
1.05305
1.10242
1.12392
1.12699
1.10064
1.04512
0.995135
0.966704
1.07336
1.11916
1.13747
1.13831
1.1119
1.05914
1.01202
0.985172
1.08834
1.13183
1.14768
1.1464
1.11888
1.06693
1.0214
0.995692
1.09694
1.13903
1.15376
1.15193
1.12486
1.07427
1.02969
1.00415
1.10334
1.14435
1.1587
1.15745
1.13247
1.0845
1.04104
1.01525
1.10904
1.14927
1.16394
1.16455
1.14379
1.10067
1.05931
1.03317
1.11056
1.15138
1.16787
1.17268
1.16
1.1261
1.08938
1.06354
276.865
290.202
304.042
316.553
318.981
303.327
286.763
278.573
280.995
294.413
307.608
319.266
321.774
307.654
291.742
282.933
285.451
299.321
312.049
322.756
324.653
311.237
296.115
287.369
288.976
303.243
315.673
325.615
326.658
313.166
298.498
290.069
291.126
305.369
317.52
327.138
328.194
315.227
300.836
292.349
292.802
306.674
318.485
328.041
329.87
318.237
304.243
295.367
294.443
307.493
318.814
328.513
332.003
322.961
309.948
300.543
295.567
306.898
317.453
327.566
334.08
329.928
319.581
310.176
14.4102
18.9941
22.0029
24.7795
27.1396
28.0236
27.6649
26.3764
14.9338
18.839
21.4242
23.8842
26.1891
27.2686
27.104
26.1448
15.7663
19.2337
21.5169
23.6668
25.7664
26.7634
26.5386
25.8737
15.7466
19.0155
21.1721
23.1926
25.0638
25.7855
25.2995
24.3161
15.2461
18.4588
20.5672
22.5155
24.1838
24.7479
24.1709
22.7898
14.3977
17.6067
19.6818
21.5748
23.1121
23.6048
23.0025
21.3806
12.7882
16.0649
18.1341
20.0014
21.4713
21.9126
21.2673
19.48
9.14721
12.6102
14.7294
16.6572
18.2458
18.8052
18.182
16.2912
115022
110915
107309
107325
114465
120721
117020
110788
117270
112716
109337
109486
116211
122635
120090
114505
119144
113944
110801
111288
117902
124131
122030
116810
120293
114552
111584
112393
119022
124840
122524
117229
120884
114873
111941
112744
119167
124917
122824
117632
121298
115167
112160
112686
118648
124598
123273
118481
121567
115460
112253
112165
117208
123461
123562
119671
121219
115539
111965
110704
113870
120029
122273
120214
0.702726
0.769646
0.829189
0.865227
0.833995
0.751257
0.702918
0.691125
0.712653
0.779761
0.835539
0.868123
0.839693
0.762033
0.712836
0.697754
0.725212
0.794449
0.847008
0.874741
0.845264
0.771194
0.723595
0.708183
0.735702
0.807176
0.857544
0.881126
0.84895
0.776372
0.731002
0.716973
0.742197
0.814163
0.863335
0.885848
0.854503
0.783683
0.73854
0.724085
0.747244
0.818356
0.866802
0.890468
0.863427
0.795677
0.749364
0.732648
0.752335
0.82103
0.869039
0.896275
0.878372
0.816858
0.768798
0.7479
0.756461
0.819486
0.867436
0.902202
0.90252
0.855471
0.807504
0.780801
0
0
0
0
0
0
0
0
0
0
0
0
0
0
0
0
0
0
0
0
0
0
0
0
0
0
0
0
0
0
0
0
0
0
0
0
0
0
0
0
0
0
0
0
0
0
0
0
0
0
0
0
0
0
0
0
0
0
0
0
0
0
0
0
ZONE T="iter=50_ghosts", STRANDID=1, SOLUTIONTIME=50, I=13 J=13, DATAPACKING=BLOCK
VARLOCATION=([3-8]=CELLCENTERED)
1.37034
1.22683
1.03343
0.840031
0.696521
0.55655
0.368147
0.115451
-0.111459
-0.27166
-0.366766
-0.461872
-0.622073
1.34687
1.20813
1.01502
0.821905
0.683163
0.549155
0.369359
0.128487
-0.0877278
-0.240362
-0.330961
-0.42156
-0.574194
1.32564
1.19117
1
0.808828
0.674358
0.54532
0.372547
0.141224
-0.0664018
-0.212987
-0.3
-0.387013
-0.533598
1.30441
1.17422
0.984984
0.795752
0.665554
0.541485
0.375734
0.153962
-0.0450757
-0.185611
-0.269039
-0.352467
-0.493003
1.28095
1.15552
0.966571
0.777626
0.652196
0.53409
0.376946
0.166997
-0.021345
-0.154313
-0.233234
-0.312155
-0.445123
1.27713
1.15147
0.954479
0.757486
0.631824
0.515133
0.360635
0.154552
-0.030358
-0.161076
-0.238796
-0.316517
-0.447235
1.27772
1.15233
0.950588
0.748848
0.623456
0.508097
0.355852
0.152951
-0.0291863
-0.158115
-0.234899
-0.311683
-0.440612
1.2769
1.15307
0.950074
0.747078
0.623243
0.510097
0.361115
0.162684
-0.0154802
-0.141677
-0.216889
-0.292101
-0.418298
1.27622
1.15536
0.952598
0.749841
0.62898
0.51952
0.375831
0.184625
0.0129547
-0.10868
-0.181193
-0.253705
-0.37534
1.28055
1.16458
0.963305
0.762034
0.646058
0.542446
0.407099
0.227307
0.0659629
-0.0483361
-0.116453
-0.18457
-0.298869
1.30855
1.19965
1
0.800349
0.691447
0.596447
0.473469
0.31068
0.164786
0.0615006
0
-0.0615006
-0.164786
1.33655
1.23473
1.0367
0.838664
0.736837
0.650448
0.53984
0.394053
0.263609
0.171337
0.116453
0.0615692
-0.0307027
1.34089
1.24395
1.0474
0.850857
0.753915
0.673374
0.571108
0.436734
0.316617
0.231681
0.181193
0.130704
0.0457684
1.53177
1.47319
1.32437
1.17555
1.11697
1.08157
1.05693
1.0549
1.07831
1.10906
1.13376
1.15845
1.18921
1.37016
1.31833
1.18861
1.05888
1.00705
0.974973
0.951005
0.943709
0.955887
0.973869
0.988293
1.00272
1.0207
1.26302
1.21617
1.1
0.98383
0.936983
0.907591
0.884739
0.875002
0.880941
0.891568
0.9
0.908432
0.919059
1.15587
1.11401
1.01139
0.908782
0.866917
0.840209
0.818472
0.806295
0.805995
0.809268
0.811707
0.814147
0.81742
0.994268
0.959148
0.875629
0.792111
0.756991
0.733614
0.712549
0.695107
0.683574
0.674077
0.666243
0.658409
0.648912
0.832946
0.804232
0.73916
0.674088
0.645375
0.625039
0.604269
0.581053
0.557799
0.535142
0.516765
0.498388
0.475731
0.725756
0.701629
0.649378
0.597127
0.573
0.555005
0.534907
0.508648
0.478584
0.448122
0.423452
0.398782
0.368321
0.645066
0.624771
0.582812
0.540853
0.520558
0.504683
0.485598
0.457831
0.423504
0.387938
0.35909
0.330242
0.294676
0.543915
0.528689
0.500018
0.471347
0.456121
0.44316
0.425684
0.396454
0.357112
0.31532
0.281306
0.247291
0.205499
0.398045
0.390363
0.381177
0.371991
0.364309
0.35576
0.340862
0.309765
0.263228
0.212314
0.170659
0.129004
0.078091
0.175074
0.179085
0.2
0.220915
0.224926
0.223207
0.212245
0.178006
0.119794
0.0540791
0
-0.0540791
-0.119794
-0.0478959
-0.0321933
0.0188231
0.0698395
0.0855421
0.0906533
0.0836282
0.0462469
-0.0236398
-0.104156
-0.170659
-0.237163
-0.317679
-0.193766
-0.170519
-0.100018
-0.0295164
-0.00626981
0.00325397
-0.00119406
-0.040443
-0.117524
-0.207162
-0.281306
-0.355449
-0.445087
0.871997
0.923726
0.999406
1.05714
1.08715
1.09722
1.06947
1.00248
0.943323
0.912218
0.896483
0.888579
0.890004
0.94262
1.01709
1.07178
1.09921
1.10801
1.08218
1.01985
0.963411
0.93249
0.915827
0.904897
0.906348
0.959025
1.0346
1.08753
1.11157
1.11568
1.08759
1.02795
0.975275
0.946191
0.932015
0.91855
0.927153
0.979338
1.05305
1.10242
1.12392
1.12699
1.10064
1.04512
0.995135
0.966704
0.952699
0.937207
0.949972
1.00153
1.07336
1.11916
1.13747
1.13831
1.1119
1.05914
1.01202
0.985172
0.972463
0.956977
0.96629
1.01732
1.08834
1.13183
1.14768
1.1464
1.11888
1.06693
1.0214
0.995692
0.983926
0.969152
0.97664
1.02679
1.09694
1.13903
1.15376
1.15193
1.12486
1.07427
1.02969
1.00415
0.992586
0.977115
0.985855
1.03458
1.10334
1.14435
1.1587
1.15745
1.13247
1.0845
1.04104
1.01525
1.0035
0.9861
0.996028
1.04241
1.10904
1.14927
1.16394
1.16455
1.14379
1.10067
1.05931
1.03317
1.02117
1.00066
1.00401
1.04653
1.11056
1.15138
1.16787
1.17268
1.16
1.1261
1.08938
1.06354
1.05154
1.02709
1.00455
1.04302
1.1036
1.14466
1.16387
1.17564
1.1759
1.15707
1.12962
1.10679
1.08783
1.06146
0.999957
1.03673
1.09768
1.13994
1.16004
1.17403
1.17985
1.16938
1.14851
1.12873
1.1109
1.08515
282.314
271.142
271.881
284.482
298.408
311.432
313.627
296.199
279.72
274.222
274.354
280.2
282.524
272.649
274.919
288.057
301.549
313.883
316.319
300.446
284.283
277.902
276.888
280.913
282.966
274.197
276.865
290.202
304.042
316.553
318.981
303.327
286.763
278.573
279.295
281.655
284.431
276.721
280.995
294.413
307.608
319.266
321.774
307.654
291.742
282.933
283.075
283.771
287.704
280.4
285.451
299.321
312.049
322.756
324.653
311.237
296.115
287.369
287.515
287.622
291.284
283.683
288.976
303.243
315.673
325.615
326.658
313.166
298.498
290.069
290.459
290.689
293.846
285.942
291.126
305.369
317.52
327.138
328.194
315.227
300.836
292.349
292.414
292.119
296.2
288.029
292.802
306.674
318.485
328.041
329.87
318.237
304.243
295.367
294.665
293.107
299.344
290.685
294.443
307.493
318.814
328.513
332.003
322.961
309.948
300.543
298.624
294.954
304.22
294.319
295.567
306.898
317.453
327.566
334.08
329.928
319.581
310.176
306.615
300.157
308.983
297.779
296.012
305.309
314.155
323.6
332.532
334.276
329.048
322.919
317.383
309.56
310.527
299.103
295.704
303.6
311.483
320.344
330.066
334.886
332.983
328.737
324.132
316.88
-4.63978
1.44361
9.02038
14.6033
18.1845
21.423
24.2714
25.2854
24.4238
23.0287
21.5919
19.3078
-1.06309
4.50568
11.2807
16.2378
19.4607
22.427
25.1342
26.2846
25.7731
24.7381
23.6304
21.7777
1.59436
6.68351
14.4102
18.9941
22.0029
24.7795
27.1396
28.0236
27.6649
26.3764
24.7539
23.1899
4.34639
8.8616
14.9338
18.839
21.4242
23.8842
26.1891
27.2686
27.104
26.1448
25.4485
24.1196
6.43259
10.4241
15.7663
19.2337
21.5169
23.6668
25.7664
26.7634
26.5386
25.8737
24.9106
23.5634
7.03057
10.7527
15.7466
19.0155
21.1721
23.1926
25.0638
25.7855
25.2995
24.3161
23.4619
21.9058
6.87933
10.4685
15.2461
18.4588
20.5672
22.5155
24.1838
24.7479
24.1709
22.7898
22.2661
20.585
6.3171
9.81126
14.3977
17.6067
19.6818
21.5748
23.1121
23.6048
23.0025
21.3806
21.1256
19.3901
4.86577
8.32192
12.7882
16.0649
18.1341
20.0014
21.4713
21.9126
21.2673
19.48
19.4205
17.6554
1.27302
4.8761
9.14721
12.6102
14.7294
16.6572
18.2458
18.8052
18.182
16.2912
16.3871
14.6299
-4.45382
-0.475216
5.06899
9.08756
11.3098
13.2357
14.9415
15.543
14.7866
13.4753
12.1103
10.4875
-9.3455
-5.06536
1.07496
5.49658
7.81989
9.75668
11.4007
11.9058
11.0792
9.76657
8.48234
7.13127
93604.1
102001
105188
100181
94691.8
93262.7
101527
109151
104280
97774.9
93671.2
91663.6
95661.5
104076
106574
101240
96072.7
94904.4
102787
110797
107341
101422
97171.3
94094.9
98052.5
106104
115022
110915
107309
107325
114465
120721
117020
110788
100177
96332.1
101342
108744
117270
112716
109337
109486
116211
122635
120090
114505
103656
99273.9
104904
111632
119144
113944
110801
111288
117902
124131
122030
116810
105852
101338
107109
113478
120293
114552
111584
112393
119022
124840
122524
117229
106001
101404
108193
114341
120884
114873
111941
112744
119167
124917
122824
117632
106191
101338
108835
114786
121298
115167
112160
112686
118648
124598
123273
118481
106932
101752
108829
114709
121567
115460
112253
112165
117208
123461
123562
119671
108183
102891
106601
113003
121219
115539
111965
110704
113870
120029
122273
120214
109213
105004
101610
108933
110647
104898
100244
96748.7
96480.3
101158
105601
107116
107062
105701
97331
105071
108632
104123
99841.2
95947.5
93774
95874.8
99447.9
101564
102682
103657
0.728344
0.68962
0.708666
0.782053
0.856132
0.904935
0.862855
0.761415
0.713739
0.710395
0.719542
0.739063
0.72832
0.693574
0.718388
0.793376
0.863846
0.908736
0.870176
0.773327
0.722748
0.714987
0.721031
0.738457
0.727102
0.69691
0.702726
0.769646
0.829189
0.865227
0.833995
0.751257
0.702918
0.691125
0.722813
0.737542
0.727185
0.702206
0.712653
0.779761
0.835539
0.868123
0.839693
0.762033
0.712836
0.697754
0.728225
0.73955
0.731896
0.710315
0.725212
0.794449
0.847008
0.874741
0.845264
0.771194
0.723595
0.708183
0.739277
0.749503
0.73964
0.718381
0.735702
0.807176
0.857544
0.881126
0.84895
0.776372
0.731002
0.716973
0.750341
0.761663
0.746352
0.724676
0.742197
0.814163
0.863335
0.885848
0.854503
0.783683
0.73854
0.724085
0.757755
0.768524
0.7536
0.731242
0.747244
0.818356
0.866802
0.890468
0.863427
0.795677
0.749364
0.732648
0.764858
0.772858
0.765469
0.740898
0.752335
0.82103
0.869039
0.896275
0.878372
0.816858
0.768798
0.7479
0.777048
0.778789
0.789071
0.757085
0.756461
0.819486
0.867436
0.902202
0.90252
0.855471
0.807504
0.780801
0.80524
0.794331
0.821169
0.778749
0.790213
0.85275
0.905286
0.954161
0.982139
0.956509
0.910467
0.878037
0.855652
0.829548
0.841583
0.794165
0.794429
0.849133
0.897611
0.947498
0.990073
0.989082
0.956906
0.926618
0.901357
0.866732
1
1
1
1
1
1
1
1
1
1
1
1
1
1
1
1
1
1
1
1
1
1
1
1
1
1
0
0
0
0
0
0
0
0
1
1
1
1
0
0
0
0
0
0
0
0
1
1
1
1
0
0
0
0
0
0
0
0
1
1
1
1
0
0
0
0
0
0
0
0
1
1
1
1
0
0
0
0
0
0
0
0
1
1
1
1
0
0
0
0
0
0
0
0
1
1
1
1
0
0
0
0
0
0
0
0
1
1
1
1
0
0
0
0
0
0
0
0
1
1
1
1
1
1
1
1
1
1
1
1
1
1
1
1
1
1
1
1
1
1
1
1
1
1
ZONE T="iter=100_phys", STRANDID=1, SOLUTIONTIME=100, I=9 J=9, DATAPACKING=BLOCK
VARLOCATION=([3-8]=CELLCENTERED)
1
0.808828
0.674358
0.54532
0.372547
0.141224
-0.0664018
-0.212987
-0.3
0.984984
0.795752
0.665554
0.541485
0.375734
0.153962
-0.0450757
-0.185611
-0.269039
0.966571
0.777626
0.652196
0.53409
0.376946
0.166997
-0.021345
-0.154313
-0.233234
0.954479
0.757486
0.631824
0.515133
0.360635
0.154552
-0.030358
-0.161076
-0.238796
0.950588
0.748848
0.623456
0.508097
0.355852
0.152951
-0.0291863
-0.158115
-0.234899
0.950074
0.747078
0.623243
0.510097
0.361115
0.162684
-0.0154802
-0.141677
-0.216889
0.952598
0.749841
0.62898
0.51952
0.375831
0.184625
0.0129547
-0.10868
-0.181193
0.963305
0.762034
0.646058
0.542446
0.407099
0.227307
0.0659629
-0.0483361
-0.116453
1
0.800349
0.691447
0.596447
0.473469
0.31068
0.164786
0.0615006
0
1.1
0.98383
0.936983
0.907591
0.884739
0.875002
0.880941
0.891568
0.9
1.01139
0.908782
0.866917
0.840209
0.818472
0.806295
0.805995
0.809268
0.811707
0.875629
0.792111
0.756991
0.733614
0.712549
0.695107
0.683574
0.674077
0.666243
0.73916
0.674088
0.645375
0.625039
0.604269
0.581053
0.557799
0.535142
0.516765
0.649378
0.597127
0.573
0.555005
0.534907
0.508648
0.478584
0.448122
0.423452
0.582812
0.540853
0.520558
0.504683
0.485598
0.457831
0.423504
0.387938
0.35909
0.500018
0.471347
0.456121
0.44316
0.425684
0.396454
0.357112
0.31532
0.281306
0.381177
0.371991
0.364309
0.35576
0.340862
0.309765
0.263228
0.212314
0.170659
0.2
0.220915
0.224926
0.223207
0.212245
0.178006
0.119794
0.0540791
0
1.03788
1.09205
1.11479
1.11508
1.08298
1.022
0.970541
0.943572
1.05667
1.10732
1.12759
1.12701
1.09665
1.03934
0.990092
0.96371
1.07707
1.12396
1.14086
1.13805
1.10772
1.05315
1.00663
0.981831
1.09192
1.13633
1.1506
1.14564
1.1143
1.06071
1.01584
0.992165
1.10047
1.14342
1.15652
1.15103
1.12017
1.06787
1.02386
1.00024
1.10683
1.14871
1.16151
1.15675
1.12798
1.07803
1.03483
1.01084
1.11225
1.15349
1.16685
1.16423
1.1397
1.09418
1.05253
1.02789
1.11314
1.15524
1.17092
1.17301
1.1567
1.11993
1.0821
1.05714
276.228
289.519
304.108
317.296
319.423
302.582
285.16
276.247
280.711
294.035
307.949
320.177
322.291
306.942
290.067
280.368
285.175
299.019
312.477
323.68
325.148
310.544
294.441
284.722
288.673
302.973
316.144
326.535
327.109
312.445
296.812
287.392
290.849
305.142
318.029
328.079
328.678
314.576
299.215
289.731
292.558
306.467
318.995
328.987
330.433
317.752
302.763
292.855
294.213
307.249
319.25
329.422
332.689
322.769
308.752
298.224
295.342
306.555
317.725
328.394
334.983
330.296
319.044
308.385
15.83
20.561
23.6712
26.4902
28.6225
29.1575
28.6971
26.9961
15.7163
19.5922
22.1384
24.5598
26.7508
27.6583
27.4165
26.1889
16.3635
19.783
21.9967
24.059
26.0866
26.9905
26.7247
26.022
16.2405
19.4416
21.5455
23.5
25.274
25.8639
25.3021
24.2166
15.6134
18.763
20.8406
22.7326
24.2237
24.6211
23.9746
22.3317
14.6069
17.7744
19.8363
21.6756
22.9755
23.2816
22.6202
20.6323
12.7815
16.0356
18.1132
19.945
21.1642
21.4063
20.696
18.4979
8.63451
12.0165
14.1465
16.0864
17.5383
18.0106
17.379
15.1017
114473
110662
107260
107366
114209
119980
116158
109768
117087
112852
109703
109953
116359
122194
119365
113504
118994
114124
111198
111758
118026
123668
121264
115723
120135
114735
111971
112816
119062
124314
121731
116105
120720
115048
112313
113146
119187
124374
122008
116469
121123
115324
112512
113084
118701
124084
122433
117259
121342
115561
112548
112539
117315
123027
122723
118370
120766
115376
111987
110870
113952
119729
121531
118882
0.704107
0.770599
0.831099
0.867218
0.83464
0.749819
0.700156
0.687776
0.713825
0.78015
0.836565
0.868879
0.83909
0.759629
0.709193
0.693457
0.726307
0.794824
0.848
0.875364
0.844574
0.768792
0.719922
0.703837
0.736694
0.807489
0.858493
0.881713
0.848276
0.773979
0.727278
0.712546
0.743239
0.814554
0.864357
0.8865
0.853907
0.781415
0.734912
0.719721
0.748369
0.818831
0.867901
0.8912
0.862958
0.793675
0.745991
0.728503
0.753533
0.821523
0.87017
0.89712
0.87815
0.815314
0.765902
0.744156
0.758141
0.820459
0.869152
0.903848
0.903237
0.855028
0.805786
0.778141
0
0
0
0
0
0
0
0
0
0
0
0
0
0
0
0
0
0
0
0
0
0
0
0
0
0
0
0
0
0
0
0
0
0
0
0
0
0
0
0
0
0
0
0
0
0
0
0
0
0
0
0
0
0
0
0
0
0
0
0
0
0
0
0
ZONE T="iter=100_ghosts", STRANDID=1, SOLUTIONTIME=100, I=13 J=13, DATAPACKING=BLOCK
VARLOCATION=([3-8]=CELLCENTERED)
1.37034
1.22683
1.03343
0.840031
0.696521
0.55655
0.368147
0.115451
-0.111459
-0.27166
-0.366766
-0.461872
-0.622073
1.34687
1.20813
1.01502
0.821905
0.683163
0.549155
0.369359
0.128487
-0.0877278
-0.240362
-0.330961
-0.42156
-0.574194
1.32564
1.19117
1
0.808828
0.674358
0.54532
0.372547
0.141224
-0.0664018
-0.212987
-0.3
-0.387013
-0.533598
1.30441
1.17422
0.984984
0.795752
0.665554
0.541485
0.375734
0.153962
-0.0450757
-0.185611
-0.269039
-0.352467
-0.493003
1.28095
1.15552
0.966571
0.777626
0.652196
0.53409
0.376946
0.166997
-0.021345
-0.154313
-0.233234
-0.312155
-0.445123
1.27713
1.15147
0.954479
0.757486
0.631824
0.515133
0.360635
0.154552
-0.030358
-0.161076
-0.238796
-0.316517
-0.447235
1.27772
1.15233
0.950588
0.748848
0.623456
0.508097
0.355852
0.152951
-0.0291863
-0.158115
-0.234899
-0.311683
-0.440612
1.2769
1.15307
0.950074
0.747078
0.623243
0.510097
0.361115
0.162684
-0.0154802
-0.141677
-0.216889
-0.292101
-0.418298
1.27622
1.15536
0.952598
0.749841
0.62898
0.51952
0.375831
0.184625
0.0129547
-0.10868
-0.181193
-0.253705
-0.37534
1.28055
1.16458
0.963305
0.762034
0.646058
0.542446
0.407099
0.227307
0.0659629
-0.0483361
-0.116453
-0.18457
-0.298869
1.30855
1.19965
1
0.800349
0.691447
0.596447
0.473469
0.31068
0.164786
0.0615006
0
-0.0615006
-0.164786
1.33655
1.23473
1.0367
0.838664
0.736837
0.650448
0.53984
0.394053
0.263609
0.171337
0.116453
0.0615692
-0.0307027
1.34089
1.24395
1.0474
0.850857
0.753915
0.673374
0.571108
0.436734
0.316617
0.231681
0.181193
0.130704
0.0457684
1.53177
1.47319
1.32437
1.17555
1.11697
1.08157
1.05693
1.0549
1.07831
1.10906
1.13376
1.15845
1.18921
1.37016
1.31833
1.18861
1.05888
1.00705
0.974973
0.951005
0.943709
0.955887
0.973869
0.988293
1.00272
1.0207
1.26302
1.21617
1.1
0.98383
0.936983
0.907591
0.884739
0.875002
0.880941
0.891568
0.9
0.908432
0.919059
1.15587
1.11401
1.01139
0.908782
0.866917
0.840209
0.818472
0.806295
0.805995
0.809268
0.811707
0.814147
0.81742
0.994268
0.959148
0.875629
0.792111
0.756991
0.733614
0.712549
0.695107
0.683574
0.674077
0.666243
0.658409
0.648912
0.832946
0.804232
0.73916
0.674088
0.645375
0.625039
0.604269
0.581053
0.557799
0.535142
0.516765
0.498388
0.475731
0.725756
0.701629
0.649378
0.597127
0.573
0.555005
0.534907
0.508648
0.478584
0.448122
0.423452
0.398782
0.368321
0.645066
0.624771
0.582812
0.540853
0.520558
0.504683
0.485598
0.457831
0.423504
0.387938
0.35909
0.330242
0.294676
0.543915
0.528689
0.500018
0.471347
0.456121
0.44316
0.425684
0.396454
0.357112
0.31532
0.281306
0.247291
0.205499
0.398045
0.390363
0.381177
0.371991
0.364309
0.35576
0.340862
0.309765
0.263228
0.212314
0.170659
0.129004
0.078091
0.175074
0.179085
0.2
0.220915
0.224926
0.223207
0.212245
0.178006
0.119794
0.0540791
0
-0.0540791
-0.119794
-0.0478959
-0.0321933
0.0188231
0.0698395
0.0855421
0.0906533
0.0836282
0.0462469
-0.0236398
-0.104156
-0.170659
-0.237163
-0.317679
-0.193766
-0.170519
-0.100018
-0.0295164
-0.00626981
0.00325397
-0.00119406
-0.040443
-0.117524
-0.207162
-0.281306
-0.355449
-0.445087
0.871997
0.923726
0.999406
1.05714
1.08715
1.09722
1.06947
1.00248
0.943323
0.912218
0.896483
0.888579
0.890004
0.94262
1.01709
1.07178
1.09921
1.10801
1.08218
1.01985
0.963411
0.93249
0.915827
0.904897
0.906348
0.959025
1.03788
1.09205
1.11479
1.11508
1.08298
1.022
0.970541
0.943572
0.932015
0.91855
0.927153
0.979338
1.05667
1.10732
1.12759
1.12701
1.09665
1.03934
0.990092
0.96371
0.952699
0.937207
0.949972
1.00153
1.07707
1.12396
1.14086
1.13805
1.10772
1.05315
1.00663
0.981831
0.972463
0.956977
0.96629
1.01732
1.09192
1.13633
1.1506
1.14564
1.1143
1.06071
1.01584
0.992165
0.983926
0.969152
0.97664
1.02679
1.10047
1.14342
1.15652
1.15103
1.12017
1.06787
1.02386
1.00024
0.992586
0.977115
0.985855
1.03458
1.10683
1.14871
1.16151
1.15675
1.12798
1.07803
1.03483
1.01084
1.0035
0.9861
0.996028
1.04241
1.11225
1.15349
1.16685
1.16423
1.1397
1.09418
1.05253
1.02789
1.02117
1.00066
1.00401
1.04653
1.11314
1.15524
1.17092
1.17301
1.1567
1.11993
1.0821
1.05714
1.05154
1.02709
1.00455
1.04302
1.1036
1.14466
1.16387
1.17564
1.1759
1.15707
1.12962
1.10679
1.08783
1.06146
0.999957
1.03673
1.09768
1.13994
1.16004
1.17403
1.17985
1.16938
1.14851
1.12873
1.1109
1.08515
282.314
271.142
271.881
284.482
298.408
311.432
313.627
296.199
279.72
274.222
274.354
280.2
282.524
272.649
274.919
288.057
301.549
313.883
316.319
300.446
284.283
277.902
276.888
280.913
282.966
274.197
276.228
289.519
304.108
317.296
319.423
302.582
285.16
276.247
279.295
281.655
284.431
276.721
280.711
294.035
307.949
320.177
322.291
306.942
290.067
280.368
283.075
283.771
287.704
280.4
285.175
299.019
312.477
323.68
325.148
310.544
294.441
284.722
287.515
287.622
291.284
283.683
288.673
302.973
316.144
326.535
327.109
312.445
296.812
287.392
290.459
290.689
293.846
285.942
290.849
305.142
318.029
328.079
328.678
314.576
299.215
289.731
292.414
292.119
296.2
288.029
292.558
306.467
318.995
328.987
330.433
317.752
302.763
292.855
294.665
293.107
299.344
290.685
294.213
307.249
319.25
329.422
332.689
322.769
308.752
298.224
298.624
294.954
304.22
294.319
295.342
306.555
317.725
328.394
334.983
330.296
319.044
308.385
306.615
300.157
308.983
297.779
296.012
305.309
314.155
323.6
332.532
334.276
329.048
322.919
317.383
309.56
310.527
299.103
295.704
303.6
311.483
320.344
330.066
334.886
332.983
328.737
324.132
316.88
-4.63978
1.44361
9.02038
14.6033
18.1845
21.423
24.2714
25.2854
24.4238
23.0287
21.5919
19.3078
-1.06309
4.50568
11.2807
16.2378
19.4607
22.427
25.1342
26.2846
25.7731
24.7381
23.6304
21.7777
1.59436
6.68351
15.83
20.561
23.6712
26.4902
28.6225
29.1575
28.6971
26.9961
24.7539
23.1899
4.34639
8.8616
15.7163
19.5922
22.1384
24.5598
26.7508
27.6583
27.4165
26.1889
25.4485
24.1196
6.43259
10.4241
16.3635
19.783
21.9967
24.059
26.0866
26.9905
26.7247
26.022
24.9106
23.5634
7.03057
10.7527
16.2405
19.4416
21.5455
23.5
25.274
25.8639
25.3021
24.2166
23.4619
21.9058
6.87933
10.4685
15.6134
18.763
20.8406
22.7326
24.2237
24.6211
23.9746
22.3317
22.2661
20.585
6.3171
9.81126
14.6069
17.7744
19.8363
21.6756
22.9755
23.2816
22.6202
20.6323
21.1256
19.3901
4.86577
8.32192
12.7815
16.0356
18.1132
19.945
21.1642
21.4063
20.696
18.4979
19.4205
17.6554
1.27302
4.8761
8.63451
12.0165
14.1465
16.0864
17.5383
18.0106
17.379
15.1017
16.3871
14.6299
-4.45382
-0.475216
5.06899
9.08756
11.3098
13.2357
14.9415
15.543
14.7866
13.4753
12.1103
10.4875
-9.3455
-5.06536
1.07496
5.49658
7.81989
9.75668
11.4007
11.9058
11.0792
9.76657
8.48234
7.13127
93604.1
102001
105188
100181
94691.8
93262.7
101527
109151
104280
97774.9
93671.2
91663.6
95661.5
104076
106574
101240
96072.7
94904.4
102787
110797
107341
101422
97171.3
94094.9
98052.5
106104
114473
110662
107260
107366
114209
119980
116158
109768
100177
96332.1
101342
108744
117087
112852
109703
109953
116359
122194
119365
113504
103656
99273.9
104904
111632
118994
114124
111198
111758
118026
123668
121264
115723
105852
101338
107109
113478
120135
114735
111971
112816
119062
124314
121731
116105
106001
101404
108193
114341
120720
115048
112313
113146
119187
124374
122008
116469
106191
101338
108835
114786
121123
115324
112512
113084
118701
124084
122433
117259
106932
101752
108829
114709
121342
115561
112548
112539
117315
123027
122723
118370
108183
102891
106601
113003
120766
115376
111987
110870
113952
119729
121531
118882
109213
105004
101610
108933
110647
104898
100244
96748.7
96480.3
101158
105601
107116
107062
105701
97331
105071
108632
104123
99841.2
95947.5
93774
95874.8
99447.9
101564
102682
103657
0.728344
0.68962
0.708666
0.782053
0.856132
0.904935
0.862855
0.761415
0.713739
0.710395
0.719542
0.739063
0.72832
0.693574
0.718388
0.793376
0.863846
0.908736
0.870176
0.773327
0.722748
0.714987
0.721031
0.738457
0.727102
0.69691
0.704107
0.770599
0.831099
0.867218
0.83464
0.749819
0.700156
0.687776
0.722813
0.737542
0.727185
0.702206
0.713825
0.78015
0.836565
0.868879
0.83909
0.759629
0.709193
0.693457
0.728225
0.73955
0.731896
0.710315
0.726307
0.794824
0.848
0.875364
0.844574
0.768792
0.719922
0.703837
0.739277
0.749503
0.73964
0.718381
0.736694
0.807489
0.858493
0.881713
0.848276
0.773979
0.727278
0.712546
0.750341
0.761663
0.746352
0.724676
0.743239
0.814554
0.864357
0.8865
0.853907
0.781415
0.734912
0.719721
0.757755
0.768524
0.7536
0.731242
0.748369
0.818831
0.867901
0.8912
0.862958
0.793675
0.745991
0.728503
0.764858
0.772858
0.765469
0.740898
0.753533
0.821523
0.87017
0.89712
0.87815
0.815314
0.765902
0.744156
0.777048
0.778789
0.789071
0.757085
0.758141
0.820459
0.869152
0.903848
0.903237
0.855028
0.805786
0.778141
0.80524
0.794331
0.821169
0.778749
0.790213
0.85275
0.905286
0.954161
0.982139
0.956509
0.910467
0.878037
0.855652
0.829548
0.841583
0.794165
0.794429
0.849133
0.897611
0.947498
0.990073
0.989082
0.956906
0.926618
0.901357
0.866732
1
1
1
1
1
1
1
1
1
1
1
1
1
1
1
1
1
1
1
1
1
1
1
1
1
1
0
0
0
0
0
0
0
0
1
1
1
1
0
0
0
0
0
0
0
0
1
1
1
1
0
0
0
0
0
0
0
0
1
1
1
1
0
0
0
0
0
0
0
0
1
1
1
1
0
0
0
0
0
0
0
0
1
1
1
1
0
0
0
0
0
0
0
0
1
1
1
1
0
0
0
0
0
0
0
0
1
1
1
1
0
0
0
0
0
0
0
0
1
1
1
1
1
1
1
1
1
1
1
1
1
1
1
1
1
1
1
1
1
1
1
1
1
1
ZONE T="iter=150_phys", STRANDID=1, SOLUTIONTIME=150, I=9 J=9, DATAPACKING=BLOCK
VARLOCATION=([3-8]=CELLCENTERED)
1
0.808828
0.674358
0.54532
0.372547
0.141224
-0.0664018
-0.212987
-0.3
0.984984
0.795752
0.665554
0.541485
0.375734
0.153962
-0.0450757
-0.185611
-0.269039
0.966571
0.777626
0.652196
0.53409
0.376946
0.166997
-0.021345
-0.154313
-0.233234
0.954479
0.757486
0.631824
0.515133
0.360635
0.154552
-0.030358
-0.161076
-0.238796
0.950588
0.748848
0.623456
0.508097
0.355852
0.152951
-0.0291863
-0.158115
-0.234899
0.950074
0.747078
0.623243
0.510097
0.361115
0.162684
-0.0154802
-0.141677
-0.216889
0.952598
0.749841
0.62898
0.51952
0.375831
0.184625
0.0129547
-0.10868
-0.181193
0.963305
0.762034
0.646058
0.542446
0.407099
0.227307
0.0659629
-0.0483361
-0.116453
1
0.800349
0.691447
0.596447
0.473469
0.31068
0.164786
0.0615006
0
1.1
0.98383
0.936983
0.907591
0.884739
0.875002
0.880941
0.891568
0.9
1.01139
0.908782
0.866917
0.840209
0.818472
0.806295
0.805995
0.809268
0.811707
0.875629
0.792111
0.756991
0.733614
0.712549
0.695107
0.683574
0.674077
0.666243
0.73916
0.674088
0.645375
0.625039
0.604269
0.581053
0.557799
0.535142
0.516765
0.649378
0.597127
0.573
0.555005
0.534907
0.508648
0.478584
0.448122
0.423452
0.582812
0.540853
0.520558
0.504683
0.485598
0.457831
0.423504
0.387938
0.35909
0.500018
0.471347
0.456121
0.44316
0.425684
0.396454
0.357112
0.31532
0.281306
0.381177
0.371991
0.364309
0.35576
0.340862
0.309765
0.263228
0.212314
0.170659
0.2
0.220915
0.224926
0.223207
0.212245
0.178006
0.119794
0.0540791
0
1.04138
1.09677
1.1181
1.11448
1.07843
1.01616
0.965912
0.941471
1.06026
1.11216
1.13108
1.12673
1.0924
1.03341
0.984978
0.961245
1.0808
1.1288
1.14415
1.13757
1.10336
1.04705
1.0012
0.979111
1.09552
1.14087
1.15342
1.14468
1.10955
1.05436
1.01021
0.989244
1.10401
1.14781
1.15915
1.14992
1.11528
1.06132
1.01793
0.996916
1.11032
1.15308
1.1642
1.15582
1.12328
1.07141
1.02853
1.00704
1.11544
1.15769
1.16963
1.16366
1.13538
1.08753
1.04564
1.02327
1.11577
1.15918
1.17393
1.17319
1.15326
1.11364
1.07471
1.05143
275.703
288.951
304.223
318.003
319.812
301.811
283.531
274.246
280.418
293.702
308.306
321.041
322.744
306.179
288.336
278.138
284.915
298.777
312.927
324.558
325.58
309.795
292.703
282.442
288.392
302.762
316.634
327.41
327.502
311.674
295.061
285.09
290.593
304.971
318.555
328.973
329.104
313.874
297.529
287.469
292.332
306.316
319.525
329.892
330.937
317.21
301.214
290.684
293.999
307.062
319.715
330.303
333.322
322.516
307.477
296.23
295.131
306.273
318.037
329.209
335.837
330.589
318.397
306.857
17.0732
21.9734
25.2083
28.0727
29.9677
30.1456
29.5669
27.5248
16.5416
20.3944
22.9107
25.2918
27.3567
28.0808
27.743
26.2975
16.9638
20.3333
22.4822
24.463
26.4123
27.2177
26.9071
26.1399
16.7282
19.8627
21.9148
23.801
25.4702
25.9303
25.2955
24.123
15.975
19.0621
21.1064
22.9357
24.2533
24.4873
23.7591
21.9566
14.8074
17.9329
19.9772
21.7553
22.8283
22.9528
22.2099
20.0166
12.7493
15.9764
18.0546
19.8407
20.8254
20.8837
20.0889
17.6836
8.16186
11.4619
13.5902
15.5206
16.8357
17.2225
16.5535
14.1186
114015
110487
107265
107417
113956
119262
115312
108902
116890
112988
110061
110376
116450
121711
118604
112638
118850
114323
111605
112200
118109
123174
120467
114792
119986
114938
112367
113212
119064
123758
120903
115137
120562
115241
112691
113518
119165
123797
121151
115454
120951
115497
112870
113453
118712
123535
121552
116189
121115
115670
112843
112881
117378
122553
121839
117226
120337
115247
112039
111033
114009
119394
120740
117702
0.705556
0.77164
0.83296
0.869063
0.835135
0.748266
0.697295
0.684918
0.715009
0.780649
0.837614
0.869585
0.838435
0.757184
0.705504
0.68977
0.727432
0.795293
0.848979
0.875893
0.843791
0.766312
0.716172
0.700125
0.737725
0.807894
0.859421
0.882201
0.847507
0.77151
0.723478
0.70878
0.744316
0.815031
0.865359
0.887056
0.85322
0.779074
0.731208
0.716001
0.749527
0.819393
0.868986
0.891844
0.862401
0.79159
0.742533
0.724976
0.754769
0.822121
0.871317
0.897909
0.877858
0.813683
0.762907
0.741002
0.759812
0.821504
0.870858
0.905417
0.903862
0.854467
0.803918
0.775943
0
0
0
0
0
0
0
0
0
0
0
0
0
0
0
0
0
0
0
0
0
0
0
0
0
0
0
0
0
0
0
0
0
0
0
0
0
0
0
0
0
0
0
0
0
0
0
0
0
0
0
0
0
0
0
0
0
0
0
0
0
0
0
0
ZONE T="iter=150_ghosts", STRANDID=1, SOLUTIONTIME=150, I=13 J=13, DATAPACKING=BLOCK
VARLOCATION=([3-8]=CELLCENTERED)
1.37034
1.22683
1.03343
0.840031
0.696521
0.55655
0.368147
0.115451
-0.111459
-0.27166
-0.366766
-0.461872
-0.622073
1.34687
1.20813
1.01502
0.821905
0.683163
0.549155
0.369359
0.128487
-0.0877278
-0.240362
-0.330961
-0.42156
-0.574194
1.32564
1.19117
1
0.808828
0.674358
0.54532
0.372547
0.141224
-0.0664018
-0.212987
-0.3
-0.387013
-0.533598
1.30441
1.17422
0.984984
0.795752
0.665554
0.541485
0.375734
0.153962
-0.0450757
-0.185611
-0.269039
-0.352467
-0.493003
1.28095
1.15552
0.966571
0.777626
0.652196
0.53409
0.376946
0.166997
-0.021345
-0.154313
-0.233234
-0.312155
-0.445123
1.27713
1.15147
0.954479
0.757486
0.631824
0.515133
0.360635
0.154552
-0.030358
-0.161076
-0.238796
-0.316517
-0.447235
1.27772
1.15233
0.950588
0.748848
0.623456
0.508097
0.355852
0.152951
-0.0291863
-0.158115
-0.234899
-0.311683
-0.440612
1.2769
1.15307
0.950074
0.747078
0.623243
0.510097
0.361115
0.162684
-0.0154802
-0.141677
-0.216889
-0.292101
-0.418298
1.27622
1.15536
0.952598
0.749841
0.62898
0.51952
0.375831
0.184625
0.0129547
-0.10868
-0.181193
-0.253705
-0.37534
1.28055
1.16458
0.963305
0.762034
0.646058
0.542446
0.407099
0.227307
0.0659629
-0.0483361
-0.116453
-0.18457
-0.298869
1.30855
1.19965
1
0.800349
0.691447
0.596447
0.473469
0.31068
0.164786
0.0615006
0
-0.0615006
-0.164786
1.33655
1.23473
1.0367
0.838664
0.736837
0.650448
0.53984
0.394053
0.263609
0.171337
0.116453
0.0615692
-0.0307027
1.34089
1.24395
1.0474
0.850857
0.753915
0.673374
0.571108
0.436734
0.316617
0.231681
0.181193
0.130704
0.0457684
1.53177
1.47319
1.32437
1.17555
1.11697
1.08157
1.05693
1.0549
1.07831
1.10906
1.13376
1.15845
1.18921
1.37016
1.31833
1.18861
1.05888
1.00705
0.974973
0.951005
0.943709
0.955887
0.973869
0.988293
1.00272
1.0207
1.26302
1.21617
1.1
0.98383
0.936983
0.907591
0.884739
0.875002
0.880941
0.891568
0.9
0.908432
0.919059
1.15587
1.11401
1.01139
0.908782
0.866917
0.840209
0.818472
0.806295
0.805995
0.809268
0.811707
0.814147
0.81742
0.994268
0.959148
0.875629
0.792111
0.756991
0.733614
0.712549
0.695107
0.683574
0.674077
0.666243
0.658409
0.648912
0.832946
0.804232
0.73916
0.674088
0.645375
0.625039
0.604269
0.581053
0.557799
0.535142
0.516765
0.498388
0.475731
0.725756
0.701629
0.649378
0.597127
0.573
0.555005
0.534907
0.508648
0.478584
0.448122
0.423452
0.398782
0.368321
0.645066
0.624771
0.582812
0.540853
0.520558
0.504683
0.485598
0.457831
0.423504
0.387938
0.35909
0.330242
0.294676
0.543915
0.528689
0.500018
0.471347
0.456121
0.44316
0.425684
0.396454
0.357112
0.31532
0.281306
0.247291
0.205499
0.398045
0.390363
0.381177
0.371991
0.364309
0.35576
0.340862
0.309765
0.263228
0.212314
0.170659
0.129004
0.078091
0.175074
0.179085
0.2
0.220915
0.224926
0.223207
0.212245
0.178006
0.119794
0.0540791
0
-0.0540791
-0.119794
-0.0478959
-0.0321933
0.0188231
0.0698395
0.0855421
0.0906533
0.0836282
0.0462469
-0.0236398
-0.104156
-0.170659
-0.237163
-0.317679
-0.193766
-0.170519
-0.100018
-0.0295164
-0.00626981
0.00325397
-0.00119406
-0.040443
-0.117524
-0.207162
-0.281306
-0.355449
-0.445087
0.871997
0.923726
0.999406
1.05714
1.08715
1.09722
1.06947
1.00248
0.943323
0.912218
0.896483
0.888579
0.890004
0.94262
1.01709
1.07178
1.09921
1.10801
1.08218
1.01985
0.963411
0.93249
0.915827
0.904897
0.906348
0.959025
1.04138
1.09677
1.1181
1.11448
1.07843
1.01616
0.965912
0.941471
0.932015
0.91855
0.927153
0.979338
1.06026
1.11216
1.13108
1.12673
1.0924
1.03341
0.984978
0.961245
0.952699
0.937207
0.949972
1.00153
1.0808
1.1288
1.14415
1.13757
1.10336
1.04705
1.0012
0.979111
0.972463
0.956977
0.96629
1.01732
1.09552
1.14087
1.15342
1.14468
1.10955
1.05436
1.01021
0.989244
0.983926
0.969152
0.97664
1.02679
1.10401
1.14781
1.15915
1.14992
1.11528
1.06132
1.01793
0.996916
0.992586
0.977115
0.985855
1.03458
1.11032
1.15308
1.1642
1.15582
1.12328
1.07141
1.02853
1.00704
1.0035
0.9861
0.996028
1.04241
1.11544
1.15769
1.16963
1.16366
1.13538
1.08753
1.04564
1.02327
1.02117
1.00066
1.00401
1.04653
1.11577
1.15918
1.17393
1.17319
1.15326
1.11364
1.07471
1.05143
1.05154
1.02709
1.00455
1.04302
1.1036
1.14466
1.16387
1.17564
1.1759
1.15707
1.12962
1.10679
1.08783
1.06146
0.999957
1.03673
1.09768
1.13994
1.16004
1.17403
1.17985
1.16938
1.14851
1.12873
1.1109
1.08515
282.314
271.142
271.881
284.482
298.408
311.432
313.627
296.199
279.72
274.222
274.354
280.2
282.524
272.649
274.919
288.057
301.549
313.883
316.319
300.446
284.283
277.902
276.888
280.913
282.966
274.197
275.703
288.951
304.223
318.003
319.812
301.811
283.531
274.246
279.295
281.655
284.431
276.721
280.418
293.702
308.306
321.041
322.744
306.179
288.336
278.138
283.075
283.771
287.704
280.4
284.915
298.777
312.927
324.558
325.58
309.795
292.703
282.442
287.515
287.622
291.284
283.683
288.392
302.762
316.634
327.41
327.502
311.674
295.061
285.09
290.459
290.689
293.846
285.942
290.593
304.971
318.555
328.973
329.104
313.874
297.529
287.469
292.414
292.119
296.2
288.029
292.332
306.316
319.525
329.892
330.937
317.21
301.214
290.684
294.665
293.107
299.344
290.685
293.999
307.062
319.715
330.303
333.322
322.516
307.477
296.23
298.624
294.954
304.22
294.319
295.131
306.273
318.037
329.209
335.837
330.589
318.397
306.857
306.615
300.157
308.983
297.779
296.012
305.309
314.155
323.6
332.532
334.276
329.048
322.919
317.383
309.56
310.527
299.103
295.704
303.6
311.483
320.344
330.066
334.886
332.983
328.737
324.132
316.88
-4.63978
1.44361
9.02038
14.6033
18.1845
21.423
24.2714
25.2854
24.4238
23.0287
21.5919
19.3078
-1.06309
4.50568
11.2807
16.2378
19.4607
22.427
25.1342
26.2846
25.7731
24.7381
23.6304
21.7777
1.59436
6.68351
17.0732
21.9734
25.2083
28.0727
29.9677
30.1456
29.5669
27.5248
24.7539
23.1899
4.34639
8.8616
16.5416
20.3944
22.9107
25.2918
27.3567
28.0808
27.743
26.2975
25.4485
24.1196
6.43259
10.4241
16.9638
20.3333
22.4822
24.463
26.4123
27.2177
26.9071
26.1399
24.9106
23.5634
7.03057
10.7527
16.7282
19.8627
21.9148
23.801
25.4702
25.9303
25.2955
24.123
23.4619
21.9058
6.87933
10.4685
15.975
19.0621
21.1064
22.9357
24.2533
24.4873
23.7591
21.9566
22.2661
20.585
6.3171
9.81126
14.8074
17.9329
19.9772
21.7553
22.8283
22.9528
22.2099
20.0166
21.1256
19.3901
4.86577
8.32192
12.7493
15.9764
18.0546
19.8407
20.8254
20.8837
20.0889
17.6836
19.4205
17.6554
1.27302
4.8761
8.16186
11.4619
13.5902
15.5206
16.8357
17.2225
16.5535
14.1186
16.3871
14.6299
-4.45382
-0.475216
5.06899
9.08756
11.3098
13.2357
14.9415
15.543
14.7866
13.4753
12.1103
10.4875
-9.3455
-5.06536
1.07496
5.49658
7.81989
9.75668
11.4007
11.9058
11.0792
9.76657
8.48234
7.13127
93604.1
102001
105188
100181
94691.8
93262.7
101527
109151
104280
97774.9
93671.2
91663.6
95661.5
104076
106574
101240
96072.7
94904.4
102787
110797
107341
101422
97171.3
94094.9
98052.5
106104
114015
110487
107265
107417
113956
119262
115312
108902
100177
96332.1
101342
108744
116890
112988
110061
110376
116450
121711
118604
112638
103656
99273.9
104904
111632
118850
114323
111605
112200
118109
123174
120467
114792
105852
101338
107109
113478
119986
114938
112367
113212
119064
123758
120903
115137
106001
101404
108193
114341
120562
115241
112691
113518
119165
123797
121151
115454
106191
101338
108835
114786
120951
115497
112870
113453
118712
123535
121552
116189
106932
101752
108829
114709
121115
115670
112843
112881
117378
122553
121839
117226
108183
102891
106601
113003
120337
115247
112039
111033
114009
119394
120740
117702
109213
105004
101610
108933
110647
104898
100244
96748.7
96480.3
101158
105601
107116
107062
105701
97331
105071
108632
104123
99841.2
95947.5
93774
95874.8
99447.9
101564
102682
103657
0.728344
0.68962
0.708666
0.782053
0.856132
0.904935
0.862855
0.761415
0.713739
0.710395
0.719542
0.739063
0.72832
0.693574
0.718388
0.793376
0.863846
0.908736
0.870176
0.773327
0.722748
0.714987
0.721031
0.738457
0.727102
0.69691
0.705556
0.77164
0.83296
0.869063
0.835135
0.748266
0.697295
0.684918
0.722813
0.737542
0.727185
0.702206
0.715009
0.780649
0.837614
0.869585
0.838435
0.757184
0.705504
0.68977
0.728225
0.73955
0.731896
0.710315
0.727432
0.795293
0.848979
0.875893
0.843791
0.766312
0.716172
0.700125
0.739277
0.749503
0.73964
0.718381
0.737725
0.807894
0.859421
0.882201
0.847507
0.77151
0.723478
0.70878
0.750341
0.761663
0.746352
0.724676
0.744316
0.815031
0.865359
0.887056
0.85322
0.779074
0.731208
0.716001
0.757755
0.768524
0.7536
0.731242
0.749527
0.819393
0.868986
0.891844
0.862401
0.79159
0.742533
0.724976
0.764858
0.772858
0.765469
0.740898
0.754769
0.822121
0.871317
0.897909
0.877858
0.813683
0.762907
0.741002
0.777048
0.778789
0.789071
0.757085
0.759812
0.821504
0.870858
0.905417
0.903862
0.854467
0.803918
0.775943
0.80524
0.794331
0.821169
0.778749
0.790213
0.85275
0.905286
0.954161
0.982139
0.956509
0.910467
0.878037
0.855652
0.829548
0.841583
0.794165
0.794429
0.849133
0.897611
0.947498
0.990073
0.989082
0.956906
0.926618
0.901357
0.866732
1
1
1
1
1
1
1
1
1
1
1
1
1
1
1
1
1
1
1
1
1
1
1
1
1
1
0
0
0
0
0
0
0
0
1
1
1
1
0
0
0
0
0
0
0
0
1
1
1
1
0
0
0
0
0
0
0
0
1
1
1
1
0
0
0
0
0
0
0
0
1
1
1
1
0
0
0
0
0
0
0
0
1
1
1
1
0
0
0
0
0
0
0
0
1
1
1
1
0
0
0
0
0
0
0
0
1
1
1
1
0
0
0
0
0
0
0
0
1
1
1
1
1
1
1
1
1
1
1
1
1
1
1
1
1
1
1
1
1
1
1
1
1
1
ZONE T="iter=200_phys", STRANDID=1, SOLUTIONTIME=200, I=9 J=9, DATAPACKING=BLOCK
VARLOCATION=([3-8]=CELLCENTERED)
1
0.808828
0.674358
0.54532
0.372547
0.141224
-0.0664018
-0.212987
-0.3
0.984984
0.795752
0.665554
0.541485
0.375734
0.153962
-0.0450757
-0.185611
-0.269039
0.966571
0.777626
0.652196
0.53409
0.376946
0.166997
-0.021345
-0.154313
-0.233234
0.954479
0.757486
0.631824
0.515133
0.360635
0.154552
-0.030358
-0.161076
-0.238796
0.950588
0.748848
0.623456
0.508097
0.355852
0.152951
-0.0291863
-0.158115
-0.234899
0.950074
0.747078
0.623243
0.510097
0.361115
0.162684
-0.0154802
-0.141677
-0.216889
0.952598
0.749841
0.62898
0.51952
0.375831
0.184625
0.0129547
-0.10868
-0.181193
0.963305
0.762034
0.646058
0.542446
0.407099
0.227307
0.0659629
-0.0483361
-0.116453
1
0.800349
0.691447
0.596447
0.473469
0.31068
0.164786
0.0615006
0
1.1
0.98383
0.936983
0.907591
0.884739
0.875002
0.880941
0.891568
0.9
1.01139
0.908782
0.866917
0.840209
0.818472
0.806295
0.805995
0.809268
0.811707
0.875629
0.792111
0.756991
0.733614
0.712549
0.695107
0.683574
0.674077
0.666243
0.73916
0.674088
0.645375
0.625039
0.604269
0.581053
0.557799
0.535142
0.516765
0.649378
0.597127
0.573
0.555005
0.534907
0.508648
0.478584
0.448122
0.423452
0.582812
0.540853
0.520558
0.504683
0.485598
0.457831
0.423504
0.387938
0.35909
0.500018
0.471347
0.456121
0.44316
0.425684
0.396454
0.357112
0.31532
0.281306
0.381177
0.371991
0.364309
0.35576
0.340862
0.309765
0.263228
0.212314
0.170659
0.2
0.220915
0.224926
0.223207
0.212245
0.178006
0.119794
0.0540791
0
1.04506
1.10165
1.12145
1.11386
1.07393
1.01043
0.961428
0.939818
1.06383
1.11698
1.13439
1.12615
1.08791
1.02735
0.979864
0.959237
1.08455
1.13364
1.14732
1.13687
1.0988
1.04085
0.995798
0.976918
1.09916
1.14542
1.15611
1.14351
1.10462
1.0479
1.00459
0.986846
1.10755
1.1522
1.16164
1.14859
1.11019
1.05464
1.01199
0.9941
1.1138
1.15743
1.16674
1.15466
1.11837
1.06465
1.02221
1.00377
1.11862
1.16186
1.17224
1.16283
1.13085
1.08072
1.03872
1.01923
1.11847
1.16317
1.1769
1.17323
1.14968
1.10723
1.06729
1.04633
275.27
288.482
304.375
318.672
320.15
301.016
281.904
272.522
280.127
293.417
308.676
321.857
323.134
305.367
286.582
276.198
284.671
298.591
313.391
325.39
325.949
308.993
290.937
280.476
288.134
302.605
317.136
328.236
327.836
310.853
293.283
283.111
290.357
304.853
319.092
329.82
329.47
313.121
295.811
285.516
292.125
306.218
320.068
330.753
331.382
316.612
299.629
288.809
293.801
306.93
320.202
331.152
333.902
322.201
306.155
294.519
294.935
306.05
318.384
330.007
336.641
330.807
317.674
305.557
18.1701
23.2579
26.6336
29.5399
31.1877
31.0013
30.296
27.9768
17.3908
21.2302
23.7274
26.0677
27.9952
28.525
28.0804
26.4524
17.569
20.8876
22.9765
24.8805
26.745
27.4459
27.0842
26.2349
17.2101
20.279
22.2802
24.0959
25.6537
25.9852
25.2802
24.0349
16.33
19.355
21.3632
23.1242
24.2714
24.3451
23.533
21.6489
14.9978
18.08
20.1021
21.8124
22.6692
22.6169
21.7862
19.5129
12.6961
15.8919
17.9625
19.6937
20.4589
20.3461
19.4655
17.013
7.72674
10.9423
13.0556
14.959
16.1385
16.4402
15.7268
13.3133
113638
110381
107317
107475
113705
118566
114491
108168
116690
113129
110411
110754
116487
121190
117824
111890
118713
114540
112018
112613
118150
122648
119655
113997
119844
115160
112767
113579
119028
123172
120056
114304
120409
115448
113072
113859
119103
123186
120272
114570
120783
115684
113228
113789
118679
122949
120648
115253
120887
115788
113136
113190
117396
122038
120928
116221
119931
115149
112117
111191
114042
119023
119916
116657
0.707044
0.772744
0.834755
0.870762
0.835484
0.746602
0.694389
0.682476
0.71622
0.781251
0.838672
0.870234
0.837723
0.754693
0.70182
0.686606
0.728589
0.795851
0.849933
0.87633
0.842918
0.763757
0.71241
0.696957
0.738796
0.808383
0.860319
0.882591
0.846644
0.768967
0.719669
0.705579
0.745431
0.815588
0.866329
0.887515
0.852443
0.776659
0.72749
0.712838
0.75072
0.820035
0.870047
0.8924
0.861756
0.789424
0.73905
0.721983
0.756042
0.822815
0.872467
0.898638
0.877493
0.811966
0.759873
0.738358
0.761477
0.822617
0.872543
0.906905
0.904393
0.853786
0.801956
0.774142
0
0
0
0
0
0
0
0
0
0
0
0
0
0
0
0
0
0
0
0
0
0
0
0
0
0
0
0
0
0
0
0
0
0
0
0
0
0
0
0
0
0
0
0
0
0
0
0
0
0
0
0
0
0
0
0
0
0
0
0
0
0
0
0
ZONE T="iter=200_ghosts", STRANDID=1, SOLUTIONTIME=200, I=13 J=13, DATAPACKING=BLOCK
VARLOCATION=([3-8]=CELLCENTERED)
1.37034
1.22683
1.03343
0.840031
0.696521
0.55655
0.368147
0.115451
-0.111459
-0.27166
-0.366766
-0.461872
-0.622073
1.34687
1.20813
1.01502
0.821905
0.683163
0.549155
0.369359
0.128487
-0.0877278
-0.240362
-0.330961
-0.42156
-0.574194
1.32564
1.19117
1
0.808828
0.674358
0.54532
0.372547
0.141224
-0.0664018
-0.212987
-0.3
-0.387013
-0.533598
1.30441
1.17422
0.984984
0.795752
0.665554
0.541485
0.375734
0.153962
-0.0450757
-0.185611
-0.269039
-0.352467
-0.493003
1.28095
1.15552
0.966571
0.777626
0.652196
0.53409
0.376946
0.166997
-0.021345
-0.154313
-0.233234
-0.312155
-0.445123
1.27713
1.15147
0.954479
0.757486
0.631824
0.515133
0.360635
0.154552
-0.030358
-0.161076
-0.238796
-0.316517
-0.447235
1.27772
1.15233
0.950588
0.748848
0.623456
0.508097
0.355852
0.152951
-0.0291863
-0.158115
-0.234899
-0.311683
-0.440612
1.2769
1.15307
0.950074
0.747078
0.623243
0.510097
0.361115
0.162684
-0.0154802
-0.141677
-0.216889
-0.292101
-0.418298
1.27622
1.15536
0.952598
0.749841
0.62898
0.51952
0.375831
0.184625
0.0129547
-0.10868
-0.181193
-0.253705
-0.37534
1.28055
1.16458
0.963305
0.762034
0.646058
0.542446
0.407099
0.227307
0.0659629
-0.0483361
-0.116453
-0.18457
-0.298869
1.30855
1.19965
1
0.800349
0.691447
0.596447
0.473469
0.31068
0.164786
0.0615006
0
-0.0615006
-0.164786
1.33655
1.23473
1.0367
0.838664
0.736837
0.650448
0.53984
0.394053
0.263609
0.171337
0.116453
0.0615692
-0.0307027
1.34089
1.24395
1.0474
0.850857
0.753915
0.673374
0.571108
0.436734
0.316617
0.231681
0.181193
0.130704
0.0457684
1.53177
1.47319
1.32437
1.17555
1.11697
1.08157
1.05693
1.0549
1.07831
1.10906
1.13376
1.15845
1.18921
1.37016
1.31833
1.18861
1.05888
1.00705
0.974973
0.951005
0.943709
0.955887
0.973869
0.988293
1.00272
1.0207
1.26302
1.21617
1.1
0.98383
0.936983
0.907591
0.884739
0.875002
0.880941
0.891568
0.9
0.908432
0.919059
1.15587
1.11401
1.01139
0.908782
0.866917
0.840209
0.818472
0.806295
0.805995
0.809268
0.811707
0.814147
0.81742
0.994268
0.959148
0.875629
0.792111
0.756991
0.733614
0.712549
0.695107
0.683574
0.674077
0.666243
0.658409
0.648912
0.832946
0.804232
0.73916
0.674088
0.645375
0.625039
0.604269
0.581053
0.557799
0.535142
0.516765
0.498388
0.475731
0.725756
0.701629
0.649378
0.597127
0.573
0.555005
0.534907
0.508648
0.478584
0.448122
0.423452
0.398782
0.368321
0.645066
0.624771
0.582812
0.540853
0.520558
0.504683
0.485598
0.457831
0.423504
0.387938
0.35909
0.330242
0.294676
0.543915
0.528689
0.500018
0.471347
0.456121
0.44316
0.425684
0.396454
0.357112
0.31532
0.281306
0.247291
0.205499
0.398045
0.390363
0.381177
0.371991
0.364309
0.35576
0.340862
0.309765
0.263228
0.212314
0.170659
0.129004
0.078091
0.175074
0.179085
0.2
0.220915
0.224926
0.223207
0.212245
0.178006
0.119794
0.0540791
0
-0.0540791
-0.119794
-0.0478959
-0.0321933
0.0188231
0.0698395
0.0855421
0.0906533
0.0836282
0.0462469
-0.0236398
-0.104156
-0.170659
-0.237163
-0.317679
-0.193766
-0.170519
-0.100018
-0.0295164
-0.00626981
0.00325397
-0.00119406
-0.040443
-0.117524
-0.207162
-0.281306
-0.355449
-0.445087
0.871997
0.923726
0.999406
1.05714
1.08715
1.09722
1.06947
1.00248
0.943323
0.912218
0.896483
0.888579
0.890004
0.94262
1.01709
1.07178
1.09921
1.10801
1.08218
1.01985
0.963411
0.93249
0.915827
0.904897
0.906348
0.959025
1.04506
1.10165
1.12145
1.11386
1.07393
1.01043
0.961428
0.939818
0.932015
0.91855
0.927153
0.979338
1.06383
1.11698
1.13439
1.12615
1.08791
1.02735
0.979864
0.959237
0.952699
0.937207
0.949972
1.00153
1.08455
1.13364
1.14732
1.13687
1.0988
1.04085
0.995798
0.976918
0.972463
0.956977
0.96629
1.01732
1.09916
1.14542
1.15611
1.14351
1.10462
1.0479
1.00459
0.986846
0.983926
0.969152
0.97664
1.02679
1.10755
1.1522
1.16164
1.14859
1.11019
1.05464
1.01199
0.9941
0.992586
0.977115
0.985855
1.03458
1.1138
1.15743
1.16674
1.15466
1.11837
1.06465
1.02221
1.00377
1.0035
0.9861
0.996028
1.04241
1.11862
1.16186
1.17224
1.16283
1.13085
1.08072
1.03872
1.01923
1.02117
1.00066
1.00401
1.04653
1.11847
1.16317
1.1769
1.17323
1.14968
1.10723
1.06729
1.04633
1.05154
1.02709
1.00455
1.04302
1.1036
1.14466
1.16387
1.17564
1.1759
1.15707
1.12962
1.10679
1.08783
1.06146
0.999957
1.03673
1.09768
1.13994
1.16004
1.17403
1.17985
1.16938
1.14851
1.12873
1.1109
1.08515
282.314
271.142
271.881
284.482
298.408
311.432
313.627
296.199
279.72
274.222
274.354
280.2
282.524
272.649
274.919
288.057
301.549
313.883
316.319
300.446
284.283
277.902
276.888
280.913
282.966
274.197
275.27
288.482
304.375
318.672
320.15
301.016
281.904
272.522
279.295
281.655
284.431
276.721
280.127
293.417
308.676
321.857
323.134
305.367
286.582
276.198
283.075
283.771
287.704
280.4
284.671
298.591
313.391
325.39
325.949
308.993
290.937
280.476
287.515
287.622
291.284
283.683
288.134
302.605
317.136
328.236
327.836
310.853
293.283
283.111
290.459
290.689
293.846
285.942
290.357
304.853
319.092
329.82
329.47
313.121
295.811
285.516
292.414
292.119
296.2
288.029
292.125
306.218
320.068
330.753
331.382
316.612
299.629
288.809
294.665
293.107
299.344
290.685
293.801
306.93
320.202
331.152
333.902
322.201
306.155
294.519
298.624
294.954
304.22
294.319
294.935
306.05
318.384
330.007
336.641
330.807
317.674
305.557
306.615
300.157
308.983
297.779
296.012
305.309
314.155
323.6
332.532
334.276
329.048
322.919
317.383
309.56
310.527
299.103
295.704
303.6
311.483
320.344
330.066
334.886
332.983
328.737
324.132
316.88
-4.63978
1.44361
9.02038
14.6033
18.1845
21.423
24.2714
25.2854
24.4238
23.0287
21.5919
19.3078
-1.06309
4.50568
11.2807
16.2378
19.4607
22.427
25.1342
26.2846
25.7731
24.7381
23.6304
21.7777
1.59436
6.68351
18.1701
23.2579
26.6336
29.5399
31.1877
31.0013
30.296
27.9768
24.7539
23.1899
4.34639
8.8616
17.3908
21.2302
23.7274
26.0677
27.9952
28.525
28.0804
26.4524
25.4485
24.1196
6.43259
10.4241
17.569
20.8876
22.9765
24.8805
26.745
27.4459
27.0842
26.2349
24.9106
23.5634
7.03057
10.7527
17.2101
20.279
22.2802
24.0959
25.6537
25.9852
25.2802
24.0349
23.4619
21.9058
6.87933
10.4685
16.33
19.355
21.3632
23.1242
24.2714
24.3451
23.533
21.6489
22.2661
20.585
6.3171
9.81126
14.9978
18.08
20.1021
21.8124
22.6692
22.6169
21.7862
19.5129
21.1256
19.3901
4.86577
8.32192
12.6961
15.8919
17.9625
19.6937
20.4589
20.3461
19.4655
17.013
19.4205
17.6554
1.27302
4.8761
7.72674
10.9423
13.0556
14.959
16.1385
16.4402
15.7268
13.3133
16.3871
14.6299
-4.45382
-0.475216
5.06899
9.08756
11.3098
13.2357
14.9415
15.543
14.7866
13.4753
12.1103
10.4875
-9.3455
-5.06536
1.07496
5.49658
7.81989
9.75668
11.4007
11.9058
11.0792
9.76657
8.48234
7.13127
93604.1
102001
105188
100181
94691.8
93262.7
101527
109151
104280
97774.9
93671.2
91663.6
95661.5
104076
106574
101240
96072.7
94904.4
102787
110797
107341
101422
97171.3
94094.9
98052.5
106104
113638
110381
107317
107475
113705
118566
114491
108168
100177
96332.1
101342
108744
116690
113129
110411
110754
116487
121190
117824
111890
103656
99273.9
104904
111632
118713
114540
112018
112613
118150
122648
119655
113997
105852
101338
107109
113478
119844
115160
112767
113579
119028
123172
120056
114304
106001
101404
108193
114341
120409
115448
113072
113859
119103
123186
120272
114570
106191
101338
108835
114786
120783
115684
113228
113789
118679
122949
120648
115253
106932
101752
108829
114709
120887
115788
113136
113190
117396
122038
120928
116221
108183
102891
106601
113003
119931
115149
112117
111191
114042
119023
119916
116657
109213
105004
101610
108933
110647
104898
100244
96748.7
96480.3
101158
105601
107116
107062
105701
97331
105071
108632
104123
99841.2
95947.5
93774
95874.8
99447.9
101564
102682
103657
0.728344
0.68962
0.708666
0.782053
0.856132
0.904935
0.862855
0.761415
0.713739
0.710395
0.719542
0.739063
0.72832
0.693574
0.718388
0.793376
0.863846
0.908736
0.870176
0.773327
0.722748
0.714987
0.721031
0.738457
0.727102
0.69691
0.707044
0.772744
0.834755
0.870762
0.835484
0.746602
0.694389
0.682476
0.722813
0.737542
0.727185
0.702206
0.71622
0.781251
0.838672
0.870234
0.837723
0.754693
0.70182
0.686606
0.728225
0.73955
0.731896
0.710315
0.728589
0.795851
0.849933
0.87633
0.842918
0.763757
0.71241
0.696957
0.739277
0.749503
0.73964
0.718381
0.738796
0.808383
0.860319
0.882591
0.846644
0.768967
0.719669
0.705579
0.750341
0.761663
0.746352
0.724676
0.745431
0.815588
0.866329
0.887515
0.852443
0.776659
0.72749
0.712838
0.757755
0.768524
0.7536
0.731242
0.75072
0.820035
0.870047
0.8924
0.861756
0.789424
0.73905
0.721983
0.764858
0.772858
0.765469
0.740898
0.756042
0.822815
0.872467
0.898638
0.877493
0.811966
0.759873
0.738358
0.777048
0.778789
0.789071
0.757085
0.761477
0.822617
0.872543
0.906905
0.904393
0.853786
0.801956
0.774142
0.80524
0.794331
0.821169
0.778749
0.790213
0.85275
0.905286
0.954161
0.982139
0.956509
0.910467
0.878037
0.855652
0.829548
0.841583
0.794165
0.794429
0.849133
0.897611
0.947498
0.990073
0.989082
0.956906
0.926618
0.901357
0.866732
1
1
1
1
1
1
1
1
1
1
1
1
1
1
1
1
1
1
1
1
1
1
1
1
1
1
0
0
0
0
0
0
0
0
1
1
1
1
0
0
0
0
0
0
0
0
1
1
1
1
0
0
0
0
0
0
0
0
1
1
1
1
0
0
0
0
0
0
0
0
1
1
1
1
0
0
0
0
0
0
0
0
1
1
1
1
0
0
0
0
0
0
0
0
1
1
1
1
0
0
0
0
0
0
0
0
1
1
1
1
0
0
0
0
0
0
0
0
1
1
1
1
1
1
1
1
1
1
1
1
1
1
1
1
1
1
1
1
1
1
1
1
1
1
ZONE T="iter=250_phys", STRANDID=1, SOLUTIONTIME=250, I=9 J=9, DATAPACKING=BLOCK
VARLOCATION=([3-8]=CELLCENTERED)
1
0.808828
0.674358
0.54532
0.372547
0.141224
-0.0664018
-0.212987
-0.3
0.984984
0.795752
0.665554
0.541485
0.375734
0.153962
-0.0450757
-0.185611
-0.269039
0.966571
0.777626
0.652196
0.53409
0.376946
0.166997
-0.021345
-0.154313
-0.233234
0.954479
0.757486
0.631824
0.515133
0.360635
0.154552
-0.030358
-0.161076
-0.238796
0.950588
0.748848
0.623456
0.508097
0.355852
0.152951
-0.0291863
-0.158115
-0.234899
0.950074
0.747078
0.623243
0.510097
0.361115
0.162684
-0.0154802
-0.141677
-0.216889
0.952598
0.749841
0.62898
0.51952
0.375831
0.184625
0.0129547
-0.10868
-0.181193
0.963305
0.762034
0.646058
0.542446
0.407099
0.227307
0.0659629
-0.0483361
-0.116453
1
0.800349
0.691447
0.596447
0.473469
0.31068
0.164786
0.0615006
0
1.1
0.98383
0.936983
0.907591
0.884739
0.875002
0.880941
0.891568
0.9
1.01139
0.908782
0.866917
0.840209
0.818472
0.806295
0.805995
0.809268
0.811707
0.875629
0.792111
0.756991
0.733614
0.712549
0.695107
0.683574
0.674077
0.666243
0.73916
0.674088
0.645375
0.625039
0.604269
0.581053
0.557799
0.535142
0.516765
0.649378
0.597127
0.573
0.555005
0.534907
0.508648
0.478584
0.448122
0.423452
0.582812
0.540853
0.520558
0.504683
0.485598
0.457831
0.423504
0.387938
0.35909
0.500018
0.471347
0.456121
0.44316
0.425684
0.396454
0.357112
0.31532
0.281306
0.381177
0.371991
0.364309
0.35576
0.340862
0.309765
0.263228
0.212314
0.170659
0.2
0.220915
0.224926
0.223207
0.212245
0.178006
0.119794
0.0540791
0
1.04887
1.10665
1.12483
1.11323
1.06948
1.00481
0.957121
0.938548
1.06742
1.12177
1.13752
1.1253
1.08321
1.02119
0.974806
0.957624
1.08833
1.13848
1.15034
1.13594
1.09407
1.03455
0.990468
0.975175
1.10282
1.14996
1.15867
1.14213
1.09952
1.04135
0.999028
0.984897
1.1111
1.15657
1.16398
1.14703
1.10492
1.04784
1.00609
0.991733
1.11729
1.16175
1.16911
1.15325
1.11326
1.05776
1.01592
1.00098
1.12179
1.16599
1.17468
1.16176
1.12611
1.07377
1.03184
1.01569
1.12122
1.16721
1.17981
1.17312
1.14596
1.1007
1.0599
1.04177
274.914
288.098
304.555
319.301
320.437
300.198
280.301
271.034
279.85
293.179
309.054
322.625
323.463
304.508
284.83
274.509
284.446
298.455
313.863
326.172
326.255
308.139
289.173
278.78
287.9
302.501
317.642
329.012
328.111
309.984
291.509
281.408
290.144
304.785
319.634
330.617
329.777
312.32
294.092
283.832
291.94
306.169
320.619
331.569
331.768
315.96
298.036
287.193
293.622
306.849
320.705
331.967
334.427
321.827
304.816
293.054
294.756
305.883
318.757
330.785
337.392
330.95
316.901
304.457
19.1459
24.4366
27.9631
30.9032
32.2933
31.7366
30.9035
28.364
18.2494
22.0878
24.5776
26.8767
28.6563
28.9815
28.4256
26.639
18.1792
21.4476
23.4818
25.3127
27.0853
27.6752
27.2551
26.3128
17.6865
20.6911
22.6422
24.3852
25.8258
26.0294
25.2567
23.9519
16.6773
19.6407
21.6099
23.2976
24.2774
24.1942
23.3027
21.3956
15.1773
18.2145
20.2092
21.8462
22.4971
22.2736
21.3606
19.1031
12.626
15.7856
17.8404
19.5089
20.0681
19.7955
18.8417
16.4648
7.32664
10.4536
12.5388
14.401
15.4467
15.6647
14.9159
12.6605
113331
110336
107407
107538
113456
117889
113703
107548
116492
113276
110755
111092
116474
120637
117037
111245
118582
114772
112432
112993
118150
122092
118839
113318
119712
115397
113168
113916
118954
122556
119204
113589
120262
115670
113450
114167
118999
122543
119383
113801
120619
115882
113583
114090
118604
122328
119733
114434
120661
115914
113426
113465
117372
121485
120004
115336
119551
115082
112216
111343
114048
118618
119077
115729
0.708548
0.773892
0.836472
0.872315
0.835691
0.744838
0.691482
0.680383
0.717469
0.78195
0.839726
0.870822
0.83695
0.752156
0.698186
0.68389
0.72978
0.796487
0.850854
0.876675
0.841958
0.761134
0.708688
0.694249
0.739908
0.808948
0.861178
0.882883
0.845688
0.766356
0.715904
0.702859
0.746585
0.816216
0.867261
0.887877
0.851575
0.774174
0.72381
0.710154
0.75195
0.82075
0.871077
0.892869
0.861026
0.787181
0.735594
0.719452
0.757352
0.823596
0.873608
0.899301
0.877053
0.810164
0.756849
0.736152
0.763138
0.82379
0.874198
0.908307
0.904828
0.852987
0.799944
0.772682
0
0
0
0
0
0
0
0
0
0
0
0
0
0
0
0
0
0
0
0
0
0
0
0
0
0
0
0
0
0
0
0
0
0
0
0
0
0
0
0
0
0
0
0
0
0
0
0
0
0
0
0
0
0
0
0
0
0
0
0
0
0
0
0
ZONE T="iter=250_ghosts", STRANDID=1, SOLUTIONTIME=250, I=13 J=13, DATAPACKING=BLOCK
VARLOCATION=([3-8]=CELLCENTERED)
1.37034
1.22683
1.03343
0.840031
0.696521
0.55655
0.368147
0.115451
-0.111459
-0.27166
-0.366766
-0.461872
-0.622073
1.34687
1.20813
1.01502
0.821905
0.683163
0.549155
0.369359
0.128487
-0.0877278
-0.240362
-0.330961
-0.42156
-0.574194
1.32564
1.19117
1
0.808828
0.674358
0.54532
0.372547
0.141224
-0.0664018
-0.212987
-0.3
-0.387013
-0.533598
1.30441
1.17422
0.984984
0.795752
0.665554
0.541485
0.375734
0.153962
-0.0450757
-0.185611
-0.269039
-0.352467
-0.493003
1.28095
1.15552
0.966571
0.777626
0.652196
0.53409
0.376946
0.166997
-0.021345
-0.154313
-0.233234
-0.312155
-0.445123
1.27713
1.15147
0.954479
0.757486
0.631824
0.515133
0.360635
0.154552
-0.030358
-0.161076
-0.238796
-0.316517
-0.447235
1.27772
1.15233
0.950588
0.748848
0.623456
0.508097
0.355852
0.152951
-0.0291863
-0.158115
-0.234899
-0.311683
-0.440612
1.2769
1.15307
0.950074
0.747078
0.623243
0.510097
0.361115
0.162684
-0.0154802
-0.141677
-0.216889
-0.292101
-0.418298
1.27622
1.15536
0.952598
0.749841
0.62898
0.51952
0.375831
0.184625
0.0129547
-0.10868
-0.181193
-0.253705
-0.37534
1.28055
1.16458
0.963305
0.762034
0.646058
0.542446
0.407099
0.227307
0.0659629
-0.0483361
-0.116453
-0.18457
-0.298869
1.30855
1.19965
1
0.800349
0.691447
0.596447
0.473469
0.31068
0.164786
0.0615006
0
-0.0615006
-0.164786
1.33655
1.23473
1.0367
0.838664
0.736837
0.650448
0.53984
0.394053
0.263609
0.171337
0.116453
0.0615692
-0.0307027
1.34089
1.24395
1.0474
0.850857
0.753915
0.673374
0.571108
0.436734
0.316617
0.231681
0.181193
0.130704
0.0457684
1.53177
1.47319
1.32437
1.17555
1.11697
1.08157
1.05693
1.0549
1.07831
1.10906
1.13376
1.15845
1.18921
1.37016
1.31833
1.18861
1.05888
1.00705
0.974973
0.951005
0.943709
0.955887
0.973869
0.988293
1.00272
1.0207
1.26302
1.21617
1.1
0.98383
0.936983
0.907591
0.884739
0.875002
0.880941
0.891568
0.9
0.908432
0.919059
1.15587
1.11401
1.01139
0.908782
0.866917
0.840209
0.818472
0.806295
0.805995
0.809268
0.811707
0.814147
0.81742
0.994268
0.959148
0.875629
0.792111
0.756991
0.733614
0.712549
0.695107
0.683574
0.674077
0.666243
0.658409
0.648912
0.832946
0.804232
0.73916
0.674088
0.645375
0.625039
0.604269
0.581053
0.557799
0.535142
0.516765
0.498388
0.475731
0.725756
0.701629
0.649378
0.597127
0.573
0.555005
0.534907
0.508648
0.478584
0.448122
0.423452
0.398782
0.368321
0.645066
0.624771
0.582812
0.540853
0.520558
0.504683
0.485598
0.457831
0.423504
0.387938
0.35909
0.330242
0.294676
0.543915
0.528689
0.500018
0.471347
0.456121
0.44316
0.425684
0.396454
0.357112
0.31532
0.281306
0.247291
0.205499
0.398045
0.390363
0.381177
0.371991
0.364309
0.35576
0.340862
0.309765
0.263228
0.212314
0.170659
0.129004
0.078091
0.175074
0.179085
0.2
0.220915
0.224926
0.223207
0.212245
0.178006
0.119794
0.0540791
0
-0.0540791
-0.119794
-0.0478959
-0.0321933
0.0188231
0.0698395
0.0855421
0.0906533
0.0836282
0.0462469
-0.0236398
-0.104156
-0.170659
-0.237163
-0.317679
-0.193766
-0.170519
-0.100018
-0.0295164
-0.00626981
0.00325397
-0.00119406
-0.040443
-0.117524
-0.207162
-0.281306
-0.355449
-0.445087
0.871997
0.923726
0.999406
1.05714
1.08715
1.09722
1.06947
1.00248
0.943323
0.912218
0.896483
0.888579
0.890004
0.94262
1.01709
1.07178
1.09921
1.10801
1.08218
1.01985
0.963411
0.93249
0.915827
0.904897
0.906348
0.959025
1.04887
1.10665
1.12483
1.11323
1.06948
1.00481
0.957121
0.938548
0.932015
0.91855
0.927153
0.979338
1.06742
1.12177
1.13752
1.1253
1.08321
1.02119
0.974806
0.957624
0.952699
0.937207
0.949972
1.00153
1.08833
1.13848
1.15034
1.13594
1.09407
1.03455
0.990468
0.975175
0.972463
0.956977
0.96629
1.01732
1.10282
1.14996
1.15867
1.14213
1.09952
1.04135
0.999028
0.984897
0.983926
0.969152
0.97664
1.02679
1.1111
1.15657
1.16398
1.14703
1.10492
1.04784
1.00609
0.991733
0.992586
0.977115
0.985855
1.03458
1.11729
1.16175
1.16911
1.15325
1.11326
1.05776
1.01592
1.00098
1.0035
0.9861
0.996028
1.04241
1.12179
1.16599
1.17468
1.16176
1.12611
1.07377
1.03184
1.01569
1.02117
1.00066
1.00401
1.04653
1.12122
1.16721
1.17981
1.17312
1.14596
1.1007
1.0599
1.04177
1.05154
1.02709
1.00455
1.04302
1.1036
1.14466
1.16387
1.17564
1.1759
1.15707
1.12962
1.10679
1.08783
1.06146
0.999957
1.03673
1.09768
1.13994
1.16004
1.17403
1.17985
1.16938
1.14851
1.12873
1.1109
1.08515
282.314
271.142
271.881
284.482
298.408
311.432
313.627
296.199
279.72
274.222
274.354
280.2
282.524
272.649
274.919
288.057
301.549
313.883
316.319
300.446
284.283
277.902
276.888
280.913
282.966
274.197
274.914
288.098
304.555
319.301
320.437
300.198
280.301
271.034
279.295
281.655
284.431
276.721
279.85
293.179
309.054
322.625
323.463
304.508
284.83
274.509
283.075
283.771
287.704
280.4
284.446
298.455
313.863
326.172
326.255
308.139
289.173
278.78
287.515
287.622
291.284
283.683
287.9
302.501
317.642
329.012
328.111
309.984
291.509
281.408
290.459
290.689
293.846
285.942
290.144
304.785
319.634
330.617
329.777
312.32
294.092
283.832
292.414
292.119
296.2
288.029
291.94
306.169
320.619
331.569
331.768
315.96
298.036
287.193
294.665
293.107
299.344
290.685
293.622
306.849
320.705
331.967
334.427
321.827
304.816
293.054
298.624
294.954
304.22
294.319
294.756
305.883
318.757
330.785
337.392
330.95
316.901
304.457
306.615
300.157
308.983
297.779
296.012
305.309
314.155
323.6
332.532
334.276
329.048
322.919
317.383
309.56
310.527
299.103
295.704
303.6
311.483
320.344
330.066
334.886
332.983
328.737
324.132
316.88
-4.63978
1.44361
9.02038
14.6033
18.1845
21.423
24.2714
25.2854
24.4238
23.0287
21.5919
19.3078
-1.06309
4.50568
11.2807
16.2378
19.4607
22.427
25.1342
26.2846
25.7731
24.7381
23.6304
21.7777
1.59436
6.68351
19.1459
24.4366
27.9631
30.9032
32.2933
31.7366
30.9035
28.364
24.7539
23.1899
4.34639
8.8616
18.2494
22.0878
24.5776
26.8767
28.6563
28.9815
28.4256
26.639
25.4485
24.1196
6.43259
10.4241
18.1792
21.4476
23.4818
25.3127
27.0853
27.6752
27.2551
26.3128
24.9106
23.5634
7.03057
10.7527
17.6865
20.6911
22.6422
24.3852
25.8258
26.0294
25.2567
23.9519
23.4619
21.9058
6.87933
10.4685
16.6773
19.6407
21.6099
23.2976
24.2774
24.1942
23.3027
21.3956
22.2661
20.585
6.3171
9.81126
15.1773
18.2145
20.2092
21.8462
22.4971
22.2736
21.3606
19.1031
21.1256
19.3901
4.86577
8.32192
12.626
15.7856
17.8404
19.5089
20.0681
19.7955
18.8417
16.4648
19.4205
17.6554
1.27302
4.8761
7.32664
10.4536
12.5388
14.401
15.4467
15.6647
14.9159
12.6605
16.3871
14.6299
-4.45382
-0.475216
5.06899
9.08756
11.3098
13.2357
14.9415
15.543
14.7866
13.4753
12.1103
10.4875
-9.3455
-5.06536
1.07496
5.49658
7.81989
9.75668
11.4007
11.9058
11.0792
9.76657
8.48234
7.13127
93604.1
102001
105188
100181
94691.8
93262.7
101527
109151
104280
97774.9
93671.2
91663.6
95661.5
104076
106574
101240
96072.7
94904.4
102787
110797
107341
101422
97171.3
94094.9
98052.5
106104
113331
110336
107407
107538
113456
117889
113703
107548
100177
96332.1
101342
108744
116492
113276
110755
111092
116474
120637
117037
111245
103656
99273.9
104904
111632
118582
114772
112432
112993
118150
122092
118839
113318
105852
101338
107109
113478
119712
115397
113168
113916
118954
122556
119204
113589
106001
101404
108193
114341
120262
115670
113450
114167
118999
122543
119383
113801
106191
101338
108835
114786
120619
115882
113583
114090
118604
122328
119733
114434
106932
101752
108829
114709
120661
115914
113426
113465
117372
121485
120004
115336
108183
102891
106601
113003
119551
115082
112216
111343
114048
118618
119077
115729
109213
105004
101610
108933
110647
104898
100244
96748.7
96480.3
101158
105601
107116
107062
105701
97331
105071
108632
104123
99841.2
95947.5
93774
95874.8
99447.9
101564
102682
103657
0.728344
0.68962
0.708666
0.782053
0.856132
0.904935
0.862855
0.761415
0.713739
0.710395
0.719542
0.739063
0.72832
0.693574
0.718388
0.793376
0.863846
0.908736
0.870176
0.773327
0.722748
0.714987
0.721031
0.738457
0.727102
0.69691
0.708548
0.773892
0.836472
0.872315
0.835691
0.744838
0.691482
0.680383
0.722813
0.737542
0.727185
0.702206
0.717469
0.78195
0.839726
0.870822
0.83695
0.752156
0.698186
0.68389
0.728225
0.73955
0.731896
0.710315
0.72978
0.796487
0.850854
0.876675
0.841958
0.761134
0.708688
0.694249
0.739277
0.749503
0.73964
0.718381
0.739908
0.808948
0.861178
0.882883
0.845688
0.766356
0.715904
0.702859
0.750341
0.761663
0.746352
0.724676
0.746585
0.816216
0.867261
0.887877
0.851575
0.774174
0.72381
0.710154
0.757755
0.768524
0.7536
0.731242
0.75195
0.82075
0.871077
0.892869
0.861026
0.787181
0.735594
0.719452
0.764858
0.772858
0.765469
0.740898
0.757352
0.823596
0.873608
0.899301
0.877053
0.810164
0.756849
0.736152
0.777048
0.778789
0.789071
0.757085
0.763138
0.82379
0.874198
0.908307
0.904828
0.852987
0.799944
0.772682
0.80524
0.794331
0.821169
0.778749
0.790213
0.85275
0.905286
0.954161
0.982139
0.956509
0.910467
0.878037
0.855652
0.829548
0.841583
0.794165
0.794429
0.849133
0.897611
0.947498
0.990073
0.989082
0.956906
0.926618
0.901357
0.866732
1
1
1
1
1
1
1
1
1
1
1
1
1
1
1
1
1
1
1
1
1
1
1
1
1
1
0
0
0
0
0
0
0
0
1
1
1
1
0
0
0
0
0
0
0
0
1
1
1
1
0
0
0
0
0
0
0
0
1
1
1
1
0
0
0
0
0
0
0
0
1
1
1
1
0
0
0
0
0
0
0
0
1
1
1
1
0
0
0
0
0
0
0
0
1
1
1
1
0
0
0
0
0
0
0
0
1
1
1
1
0
0
0
0
0
0
0
0
1
1
1
1
1
1
1
1
1
1
1
1
1
1
1
1
1
1
1
1
1
1
1
1
1
1
ZONE T="iter=300_phys", STRANDID=1, SOLUTIONTIME=300, I=9 J=9, DATAPACKING=BLOCK
VARLOCATION=([3-8]=CELLCENTERED)
1
0.808828
0.674358
0.54532
0.372547
0.141224
-0.0664018
-0.212987
-0.3
0.984984
0.795752
0.665554
0.541485
0.375734
0.153962
-0.0450757
-0.185611
-0.269039
0.966571
0.777626
0.652196
0.53409
0.376946
0.166997
-0.021345
-0.154313
-0.233234
0.954479
0.757486
0.631824
0.515133
0.360635
0.154552
-0.030358
-0.161076
-0.238796
0.950588
0.748848
0.623456
0.508097
0.355852
0.152951
-0.0291863
-0.158115
-0.234899
0.950074
0.747078
0.623243
0.510097
0.361115
0.162684
-0.0154802
-0.141677
-0.216889
0.952598
0.749841
0.62898
0.51952
0.375831
0.184625
0.0129547
-0.10868
-0.181193
0.963305
0.762034
0.646058
0.542446
0.407099
0.227307
0.0659629
-0.0483361
-0.116453
1
0.800349
0.691447
0.596447
0.473469
0.31068
0.164786
0.0615006
0
1.1
0.98383
0.936983
0.907591
0.884739
0.875002
0.880941
0.891568
0.9
1.01139
0.908782
0.866917
0.840209
0.818472
0.806295
0.805995
0.809268
0.811707
0.875629
0.792111
0.756991
0.733614
0.712549
0.695107
0.683574
0.674077
0.666243
0.73916
0.674088
0.645375
0.625039
0.604269
0.581053
0.557799
0.535142
0.516765
0.649378
0.597127
0.573
0.555005
0.534907
0.508648
0.478584
0.448122
0.423452
0.582812
0.540853
0.520558
0.504683
0.485598
0.457831
0.423504
0.387938
0.35909
0.500018
0.471347
0.456121
0.44316
0.425684
0.396454
0.357112
0.31532
0.281306
0.381177
0.371991
0.364309
0.35576
0.340862
0.309765
0.263228
0.212314
0.170659
0.2
0.220915
0.224926
0.223207
0.212245
0.178006
0.119794
0.0540791
0
1.05281
1.11175
1.12822
1.11258
1.06508
0.999309
0.953014
0.937609
1.07105
1.12653
1.14047
1.12419
1.07831
1.01495
0.969846
0.956352
1.09212
1.1433
1.15319
1.13477
1.08915
1.02817
0.985252
0.973811
1.1065
1.15449
1.16107
1.14053
1.09426
1.0347
0.993571
0.983336
1.11466
1.16091
1.16615
1.14524
1.09947
1.04093
1.00026
0.98976
1.12076
1.16602
1.17129
1.15159
1.10796
1.05075
1.00971
0.998588
1.12495
1.17008
1.17695
1.16044
1.12116
1.06669
1.02504
1.0126
1.12404
1.17129
1.18263
1.17286
1.14212
1.09407
1.05261
1.03768
274.622
287.786
304.752
319.891
320.676
299.36
278.737
269.747
279.592
292.987
309.436
323.346
323.732
303.608
283.103
273.037
284.241
298.366
314.336
326.904
326.5
307.239
287.435
277.314
287.691
302.443
318.149
329.738
328.327
309.072
289.761
279.942
289.956
304.763
320.174
331.364
330.026
311.473
292.396
282.381
291.776
306.166
321.172
332.338
332.096
315.258
296.458
285.8
293.463
306.816
321.217
332.745
334.897
321.396
303.48
291.8
294.594
305.768
319.152
331.538
338.088
331.021
316.099
303.529
20.0216
25.5277
29.2098
32.172
33.2944
32.3626
31.4065
28.6963
19.1066
22.958
25.4519
27.7094
29.331
29.4424
28.7753
26.8458
18.7941
22.0142
23.9994
25.7597
27.4332
27.905
27.4189
26.3782
18.1579
21.0995
23.0011
24.6694
25.9877
26.0636
25.2258
23.8738
17.0163
19.9183
21.8454
23.4555
24.2709
24.0345
23.0729
21.1863
15.3454
18.3353
20.2975
21.8564
22.3115
21.9233
20.9423
18.7715
12.5424
15.6609
17.6914
19.2909
19.6564
19.2351
18.2298
16.0205
6.95907
9.99195
12.0364
13.8461
14.7611
14.8979
14.1339
12.1379
113088
110343
107531
107605
113208
117232
112953
107026
116301
113433
111091
111390
116415
120055
116256
110690
118459
115016
112843
113339
118108
121507
118031
112739
119590
115648
113566
114220
118842
121915
118358
112975
120123
115904
113823
114442
118856
121870
118496
113134
120460
116091
113932
114357
118487
121676
118820
113718
120439
116049
113709
113708
117305
120897
119080
114556
119194
115043
112333
111486
114029
118182
118232
114906
0.710052
0.775065
0.838103
0.873722
0.835762
0.742983
0.688608
0.678582
0.718761
0.782735
0.840765
0.871343
0.836115
0.749575
0.694634
0.681555
0.731007
0.797195
0.851734
0.876928
0.840913
0.758451
0.705047
0.691931
0.741062
0.80958
0.86199
0.883075
0.844643
0.763684
0.712225
0.700546
0.747779
0.816908
0.868145
0.888141
0.85062
0.771628
0.72021
0.707879
0.753219
0.821532
0.872066
0.893248
0.860212
0.784869
0.732204
0.717316
0.758699
0.824454
0.874729
0.899896
0.876537
0.808284
0.753873
0.73432
0.764797
0.825014
0.875815
0.909622
0.905165
0.852076
0.797918
0.771512
0
0
0
0
0
0
0
0
0
0
0
0
0
0
0
0
0
0
0
0
0
0
0
0
0
0
0
0
0
0
0
0
0
0
0
0
0
0
0
0
0
0
0
0
0
0
0
0
0
0
0
0
0
0
0
0
0
0
0
0
0
0
0
0
ZONE T="iter=300_ghosts", STRANDID=1, SOLUTIONTIME=300, I=13 J=13, DATAPACKING=BLOCK
VARLOCATION=([3-8]=CELLCENTERED)
1.37034
1.22683
1.03343
0.840031
0.696521
0.55655
0.368147
0.115451
-0.111459
-0.27166
-0.366766
-0.461872
-0.622073
1.34687
1.20813
1.01502
0.821905
0.683163
0.549155
0.369359
0.128487
-0.0877278
-0.240362
-0.330961
-0.42156
-0.574194
1.32564
1.19117
1
0.808828
0.674358
0.54532
0.372547
0.141224
-0.0664018
-0.212987
-0.3
-0.387013
-0.533598
1.30441
1.17422
0.984984
0.795752
0.665554
0.541485
0.375734
0.153962
-0.0450757
-0.185611
-0.269039
-0.352467
-0.493003
1.28095
1.15552
0.966571
0.777626
0.652196
0.53409
0.376946
0.166997
-0.021345
-0.154313
-0.233234
-0.312155
-0.445123
1.27713
1.15147
0.954479
0.757486
0.631824
0.515133
0.360635
0.154552
-0.030358
-0.161076
-0.238796
-0.316517
-0.447235
1.27772
1.15233
0.950588
0.748848
0.623456
0.508097
0.355852
0.152951
-0.0291863
-0.158115
-0.234899
-0.311683
-0.440612
1.2769
1.15307
0.950074
0.747078
0.623243
0.510097
0.361115
0.162684
-0.0154802
-0.141677
-0.216889
-0.292101
-0.418298
1.27622
1.15536
0.952598
0.749841
0.62898
0.51952
0.375831
0.184625
0.0129547
-0.10868
-0.181193
-0.253705
-0.37534
1.28055
1.16458
0.963305
0.762034
0.646058
0.542446
0.407099
0.227307
0.0659629
-0.0483361
-0.116453
-0.18457
-0.298869
1.30855
1.19965
1
0.800349
0.691447
0.596447
0.473469
0.31068
0.164786
0.0615006
0
-0.0615006
-0.164786
1.33655
1.23473
1.0367
0.838664
0.736837
0.650448
0.53984
0.394053
0.263609
0.171337
0.116453
0.0615692
-0.0307027
1.34089
1.24395
1.0474
0.850857
0.753915
0.673374
0.571108
0.436734
0.316617
0.231681
0.181193
0.130704
0.0457684
1.53177
1.47319
1.32437
1.17555
1.11697
1.08157
1.05693
1.0549
1.07831
1.10906
1.13376
1.15845
1.18921
1.37016
1.31833
1.18861
1.05888
1.00705
0.974973
0.951005
0.943709
0.955887
0.973869
0.988293
1.00272
1.0207
1.26302
1.21617
1.1
0.98383
0.936983
0.907591
0.884739
0.875002
0.880941
0.891568
0.9
0.908432
0.919059
1.15587
1.11401
1.01139
0.908782
0.866917
0.840209
0.818472
0.806295
0.805995
0.809268
0.811707
0.814147
0.81742
0.994268
0.959148
0.875629
0.792111
0.756991
0.733614
0.712549
0.695107
0.683574
0.674077
0.666243
0.658409
0.648912
0.832946
0.804232
0.73916
0.674088
0.645375
0.625039
0.604269
0.581053
0.557799
0.535142
0.516765
0.498388
0.475731
0.725756
0.701629
0.649378
0.597127
0.573
0.555005
0.534907
0.508648
0.478584
0.448122
0.423452
0.398782
0.368321
0.645066
0.624771
0.582812
0.540853
0.520558
0.504683
0.485598
0.457831
0.423504
0.387938
0.35909
0.330242
0.294676
0.543915
0.528689
0.500018
0.471347
0.456121
0.44316
0.425684
0.396454
0.357112
0.31532
0.281306
0.247291
0.205499
0.398045
0.390363
0.381177
0.371991
0.364309
0.35576
0.340862
0.309765
0.263228
0.212314
0.170659
0.129004
0.078091
0.175074
0.179085
0.2
0.220915
0.224926
0.223207
0.212245
0.178006
0.119794
0.0540791
0
-0.0540791
-0.119794
-0.0478959
-0.0321933
0.0188231
0.0698395
0.0855421
0.0906533
0.0836282
0.0462469
-0.0236398
-0.104156
-0.170659
-0.237163
-0.317679
-0.193766
-0.170519
-0.100018
-0.0295164
-0.00626981
0.00325397
-0.00119406
-0.040443
-0.117524
-0.207162
-0.281306
-0.355449
-0.445087
0.871997
0.923726
0.999406
1.05714
1.08715
1.09722
1.06947
1.00248
0.943323
0.912218
0.896483
0.888579
0.890004
0.94262
1.01709
1.07178
1.09921
1.10801
1.08218
1.01985
0.963411
0.93249
0.915827
0.904897
0.906348
0.959025
1.05281
1.11175
1.12822
1.11258
1.06508
0.999309
0.953014
0.937609
0.932015
0.91855
0.927153
0.979338
1.07105
1.12653
1.14047
1.12419
1.07831
1.01495
0.969846
0.956352
0.952699
0.937207
0.949972
1.00153
1.09212
1.1433
1.15319
1.13477
1.08915
1.02817
0.985252
0.973811
0.972463
0.956977
0.96629
1.01732
1.1065
1.15449
1.16107
1.14053
1.09426
1.0347
0.993571
0.983336
0.983926
0.969152
0.97664
1.02679
1.11466
1.16091
1.16615
1.14524
1.09947
1.04093
1.00026
0.98976
0.992586
0.977115
0.985855
1.03458
1.12076
1.16602
1.17129
1.15159
1.10796
1.05075
1.00971
0.998588
1.0035
0.9861
0.996028
1.04241
1.12495
1.17008
1.17695
1.16044
1.12116
1.06669
1.02504
1.0126
1.02117
1.00066
1.00401
1.04653
1.12404
1.17129
1.18263
1.17286
1.14212
1.09407
1.05261
1.03768
1.05154
1.02709
1.00455
1.04302
1.1036
1.14466
1.16387
1.17564
1.1759
1.15707
1.12962
1.10679
1.08783
1.06146
0.999957
1.03673
1.09768
1.13994
1.16004
1.17403
1.17985
1.16938
1.14851
1.12873
1.1109
1.08515
282.314
271.142
271.881
284.482
298.408
311.432
313.627
296.199
279.72
274.222
274.354
280.2
282.524
272.649
274.919
288.057
301.549
313.883
316.319
300.446
284.283
277.902
276.888
280.913
282.966
274.197
274.622
287.786
304.752
319.891
320.676
299.36
278.737
269.747
279.295
281.655
284.431
276.721
279.592
292.987
309.436
323.346
323.732
303.608
283.103
273.037
283.075
283.771
287.704
280.4
284.241
298.366
314.336
326.904
326.5
307.239
287.435
277.314
287.515
287.622
291.284
283.683
287.691
302.443
318.149
329.738
328.327
309.072
289.761
279.942
290.459
290.689
293.846
285.942
289.956
304.763
320.174
331.364
330.026
311.473
292.396
282.381
292.414
292.119
296.2
288.029
291.776
306.166
321.172
332.338
332.096
315.258
296.458
285.8
294.665
293.107
299.344
290.685
293.463
306.816
321.217
332.745
334.897
321.396
303.48
291.8
298.624
294.954
304.22
294.319
294.594
305.768
319.152
331.538
338.088
331.021
316.099
303.529
306.615
300.157
308.983
297.779
296.012
305.309
314.155
323.6
332.532
334.276
329.048
322.919
317.383
309.56
310.527
299.103
295.704
303.6
311.483
320.344
330.066
334.886
332.983
328.737
324.132
316.88
-4.63978
1.44361
9.02038
14.6033
18.1845
21.423
24.2714
25.2854
24.4238
23.0287
21.5919
19.3078
-1.06309
4.50568
11.2807
16.2378
19.4607
22.427
25.1342
26.2846
25.7731
24.7381
23.6304
21.7777
1.59436
6.68351
20.0216
25.5277
29.2098
32.172
33.2944
32.3626
31.4065
28.6963
24.7539
23.1899
4.34639
8.8616
19.1066
22.958
25.4519
27.7094
29.331
29.4424
28.7753
26.8458
25.4485
24.1196
6.43259
10.4241
18.7941
22.0142
23.9994
25.7597
27.4332
27.905
27.4189
26.3782
24.9106
23.5634
7.03057
10.7527
18.1579
21.0995
23.0011
24.6694
25.9877
26.0636
25.2258
23.8738
23.4619
21.9058
6.87933
10.4685
17.0163
19.9183
21.8454
23.4555
24.2709
24.0345
23.0729
21.1863
22.2661
20.585
6.3171
9.81126
15.3454
18.3353
20.2975
21.8564
22.3115
21.9233
20.9423
18.7715
21.1256
19.3901
4.86577
8.32192
12.5424
15.6609
17.6914
19.2909
19.6564
19.2351
18.2298
16.0205
19.4205
17.6554
1.27302
4.8761
6.95907
9.99195
12.0364
13.8461
14.7611
14.8979
14.1339
12.1379
16.3871
14.6299
-4.45382
-0.475216
5.06899
9.08756
11.3098
13.2357
14.9415
15.543
14.7866
13.4753
12.1103
10.4875
-9.3455
-5.06536
1.07496
5.49658
7.81989
9.75668
11.4007
11.9058
11.0792
9.76657
8.48234
7.13127
93604.1
102001
105188
100181
94691.8
93262.7
101527
109151
104280
97774.9
93671.2
91663.6
95661.5
104076
106574
101240
96072.7
94904.4
102787
110797
107341
101422
97171.3
94094.9
98052.5
106104
113088
110343
107531
107605
113208
117232
112953
107026
100177
96332.1
101342
108744
116301
113433
111091
111390
116415
120055
116256
110690
103656
99273.9
104904
111632
118459
115016
112843
113339
118108
121507
118031
112739
105852
101338
107109
113478
119590
115648
113566
114220
118842
121915
118358
112975
106001
101404
108193
114341
120123
115904
113823
114442
118856
121870
118496
113134
106191
101338
108835
114786
120460
116091
113932
114357
118487
121676
118820
113718
106932
101752
108829
114709
120439
116049
113709
113708
117305
120897
119080
114556
108183
102891
106601
113003
119194
115043
112333
111486
114029
118182
118232
114906
109213
105004
101610
108933
110647
104898
100244
96748.7
96480.3
101158
105601
107116
107062
105701
97331
105071
108632
104123
99841.2
95947.5
93774
95874.8
99447.9
101564
102682
103657
0.728344
0.68962
0.708666
0.782053
0.856132
0.904935
0.862855
0.761415
0.713739
0.710395
0.719542
0.739063
0.72832
0.693574
0.718388
0.793376
0.863846
0.908736
0.870176
0.773327
0.722748
0.714987
0.721031
0.738457
0.727102
0.69691
0.710052
0.775065
0.838103
0.873722
0.835762
0.742983
0.688608
0.678582
0.722813
0.737542
0.727185
0.702206
0.718761
0.782735
0.840765
0.871343
0.836115
0.749575
0.694634
0.681555
0.728225
0.73955
0.731896
0.710315
0.731007
0.797195
0.851734
0.876928
0.840913
0.758451
0.705047
0.691931
0.739277
0.749503
0.73964
0.718381
0.741062
0.80958
0.86199
0.883075
0.844643
0.763684
0.712225
0.700546
0.750341
0.761663
0.746352
0.724676
0.747779
0.816908
0.868145
0.888141
0.85062
0.771628
0.72021
0.707879
0.757755
0.768524
0.7536
0.731242
0.753219
0.821532
0.872066
0.893248
0.860212
0.784869
0.732204
0.717316
0.764858
0.772858
0.765469
0.740898
0.758699
0.824454
0.874729
0.899896
0.876537
0.808284
0.753873
0.73432
0.777048
0.778789
0.789071
0.757085
0.764797
0.825014
0.875815
0.909622
0.905165
0.852076
0.797918
0.771512
0.80524
0.794331
0.821169
0.778749
0.790213
0.85275
0.905286
0.954161
0.982139
0.956509
0.910467
0.878037
0.855652
0.829548
0.841583
0.794165
0.794429
0.849133
0.897611
0.947498
0.990073
0.989082
0.956906
0.926618
0.901357
0.866732
1
1
1
1
1
1
1
1
1
1
1
1
1
1
1
1
1
1
1
1
1
1
1
1
1
1
0
0
0
0
0
0
0
0
1
1
1
1
0
0
0
0
0
0
0
0
1
1
1
1
0
0
0
0
0
0
0
0
1
1
1
1
0
0
0
0
0
0
0
0
1
1
1
1
0
0
0
0
0
0
0
0
1
1
1
1
0
0
0
0
0
0
0
0
1
1
1
1
0
0
0
0
0
0
0
0
1
1
1
1
0
0
0
0
0
0
0
0
1
1
1
1
1
1
1
1
1
1
1
1
1
1
1
1
1
1
1
1
1
1
1
1
1
1
ZONE T="iter=350_phys", STRANDID=1, SOLUTIONTIME=350, I=9 J=9, DATAPACKING=BLOCK
VARLOCATION=([3-8]=CELLCENTERED)
1
0.808828
0.674358
0.54532
0.372547
0.141224
-0.0664018
-0.212987
-0.3
0.984984
0.795752
0.665554
0.541485
0.375734
0.153962
-0.0450757
-0.185611
-0.269039
0.966571
0.777626
0.652196
0.53409
0.376946
0.166997
-0.021345
-0.154313
-0.233234
0.954479
0.757486
0.631824
0.515133
0.360635
0.154552
-0.030358
-0.161076
-0.238796
0.950588
0.748848
0.623456
0.508097
0.355852
0.152951
-0.0291863
-0.158115
-0.234899
0.950074
0.747078
0.623243
0.510097
0.361115
0.162684
-0.0154802
-0.141677
-0.216889
0.952598
0.749841
0.62898
0.51952
0.375831
0.184625
0.0129547
-0.10868
-0.181193
0.963305
0.762034
0.646058
0.542446
0.407099
0.227307
0.0659629
-0.0483361
-0.116453
1
0.800349
0.691447
0.596447
0.473469
0.31068
0.164786
0.0615006
0
1.1
0.98383
0.936983
0.907591
0.884739
0.875002
0.880941
0.891568
0.9
1.01139
0.908782
0.866917
0.840209
0.818472
0.806295
0.805995
0.809268
0.811707
0.875629
0.792111
0.756991
0.733614
0.712549
0.695107
0.683574
0.674077
0.666243
0.73916
0.674088
0.645375
0.625039
0.604269
0.581053
0.557799
0.535142
0.516765
0.649378
0.597127
0.573
0.555005
0.534907
0.508648
0.478584
0.448122
0.423452
0.582812
0.540853
0.520558
0.504683
0.485598
0.457831
0.423504
0.387938
0.35909
0.500018
0.471347
0.456121
0.44316
0.425684
0.396454
0.357112
0.31532
0.281306
0.381177
0.371991
0.364309
0.35576
0.340862
0.309765
0.263228
0.212314
0.170659
0.2
0.220915
0.224926
0.223207
0.212245
0.178006
0.119794
0.0540791
0
1.05683
1.11691
1.13158
1.11191
1.06073
0.99392
0.94912
0.93695
1.07472
1.13128
1.14325
1.12284
1.07325
1.00866
0.96502
0.955372
1.09593
1.14808
1.15586
1.13336
1.08407
1.02171
0.980179
0.972771
1.11021
1.15899
1.16329
1.13871
1.08883
1.02797
0.988249
0.982105
1.11823
1.1652
1.16812
1.14321
1.09384
1.03393
0.994554
0.988131
1.12423
1.17024
1.17328
1.14969
1.10247
1.04364
1.00362
0.996558
1.12812
1.17413
1.17902
1.15888
1.11602
1.05951
1.01836
1.0099
1.12692
1.17539
1.18535
1.17244
1.13814
1.08736
1.04544
1.03401
274.385
287.537
304.961
320.439
320.868
298.506
277.226
268.629
279.358
292.839
309.818
324.017
323.944
302.671
281.416
271.751
284.057
298.32
314.804
327.583
326.683
306.299
285.74
276.043
287.507
302.429
318.65
330.411
328.485
308.122
288.06
278.677
289.792
304.782
320.709
332.059
330.217
310.587
290.739
281.13
291.635
306.205
321.722
333.06
332.366
314.511
294.913
284.6
293.324
306.826
321.734
333.484
335.311
320.912
302.165
290.731
294.452
305.701
319.561
332.265
338.729
331.023
315.287
302.75
20.8147
26.5463
30.3846
33.3546
34.1993
32.8894
31.8197
28.9823
19.9543
23.8339
26.3428
28.5575
30.0117
29.9012
29.1263
27.0637
19.4125
22.5877
24.5295
26.2212
27.7883
28.1345
27.5752
26.4343
18.6247
21.5048
23.3575
24.9489
26.1405
26.0884
25.1882
23.8005
17.3465
20.1871
22.0691
23.5977
24.2515
23.8664
22.8473
21.0122
15.5019
18.442
20.3662
21.8434
22.112
21.5672
20.5383
18.5045
12.4485
15.5205
17.5183
19.0435
19.2267
18.6683
17.6399
15.6639
6.62162
9.55394
11.5455
13.2944
14.082
14.1422
13.3907
11.7259
112899
110397
107683
107674
112962
116594
112242
106589
116122
113601
111418
111650
116313
119450
115488
110214
118344
115272
113248
113651
118025
120898
117237
112247
119476
115912
113958
114492
118693
121248
117525
112450
119991
116148
114187
114680
118673
121172
117620
112556
120306
116308
114270
114587
118327
120994
117917
113093
120221
116192
113984
113916
117196
120278
118165
113870
118861
115031
112463
111619
113983
117716
117393
114174
0.711541
0.776251
0.839641
0.874986
0.835704
0.74105
0.685795
0.677024
0.720099
0.783597
0.84178
0.871794
0.835214
0.746956
0.691191
0.679544
0.732271
0.797964
0.852566
0.877088
0.839786
0.755719
0.701519
0.689942
0.742259
0.810271
0.862749
0.883171
0.843511
0.760961
0.708665
0.698576
0.749014
0.817655
0.868976
0.888309
0.849578
0.769029
0.716721
0.705952
0.754526
0.82237
0.873009
0.89354
0.859314
0.782497
0.728913
0.715518
0.760082
0.825378
0.875821
0.900418
0.875944
0.806335
0.750977
0.732808
0.766454
0.826283
0.877388
0.910846
0.905402
0.851059
0.795907
0.77059
0
0
0
0
0
0
0
0
0
0
0
0
0
0
0
0
0
0
0
0
0
0
0
0
0
0
0
0
0
0
0
0
0
0
0
0
0
0
0
0
0
0
0
0
0
0
0
0
0
0
0
0
0
0
0
0
0
0
0
0
0
0
0
0
ZONE T="iter=350_ghosts", STRANDID=1, SOLUTIONTIME=350, I=13 J=13, DATAPACKING=BLOCK
VARLOCATION=([3-8]=CELLCENTERED)
1.37034
1.22683
1.03343
0.840031
0.696521
0.55655
0.368147
0.115451
-0.111459
-0.27166
-0.366766
-0.461872
-0.622073
1.34687
1.20813
1.01502
0.821905
0.683163
0.549155
0.369359
0.128487
-0.0877278
-0.240362
-0.330961
-0.42156
-0.574194
1.32564
1.19117
1
0.808828
0.674358
0.54532
0.372547
0.141224
-0.0664018
-0.212987
-0.3
-0.387013
-0.533598
1.30441
1.17422
0.984984
0.795752
0.665554
0.541485
0.375734
0.153962
-0.0450757
-0.185611
-0.269039
-0.352467
-0.493003
1.28095
1.15552
0.966571
0.777626
0.652196
0.53409
0.376946
0.166997
-0.021345
-0.154313
-0.233234
-0.312155
-0.445123
1.27713
1.15147
0.954479
0.757486
0.631824
0.515133
0.360635
0.154552
-0.030358
-0.161076
-0.238796
-0.316517
-0.447235
1.27772
1.15233
0.950588
0.748848
0.623456
0.508097
0.355852
0.152951
-0.0291863
-0.158115
-0.234899
-0.311683
-0.440612
1.2769
1.15307
0.950074
0.747078
0.623243
0.510097
0.361115
0.162684
-0.0154802
-0.141677
-0.216889
-0.292101
-0.418298
1.27622
1.15536
0.952598
0.749841
0.62898
0.51952
0.375831
0.184625
0.0129547
-0.10868
-0.181193
-0.253705
-0.37534
1.28055
1.16458
0.963305
0.762034
0.646058
0.542446
0.407099
0.227307
0.0659629
-0.0483361
-0.116453
-0.18457
-0.298869
1.30855
1.19965
1
0.800349
0.691447
0.596447
0.473469
0.31068
0.164786
0.0615006
0
-0.0615006
-0.164786
1.33655
1.23473
1.0367
0.838664
0.736837
0.650448
0.53984
0.394053
0.263609
0.171337
0.116453
0.0615692
-0.0307027
1.34089
1.24395
1.0474
0.850857
0.753915
0.673374
0.571108
0.436734
0.316617
0.231681
0.181193
0.130704
0.0457684
1.53177
1.47319
1.32437
1.17555
1.11697
1.08157
1.05693
1.0549
1.07831
1.10906
1.13376
1.15845
1.18921
1.37016
1.31833
1.18861
1.05888
1.00705
0.974973
0.951005
0.943709
0.955887
0.973869
0.988293
1.00272
1.0207
1.26302
1.21617
1.1
0.98383
0.936983
0.907591
0.884739
0.875002
0.880941
0.891568
0.9
0.908432
0.919059
1.15587
1.11401
1.01139
0.908782
0.866917
0.840209
0.818472
0.806295
0.805995
0.809268
0.811707
0.814147
0.81742
0.994268
0.959148
0.875629
0.792111
0.756991
0.733614
0.712549
0.695107
0.683574
0.674077
0.666243
0.658409
0.648912
0.832946
0.804232
0.73916
0.674088
0.645375
0.625039
0.604269
0.581053
0.557799
0.535142
0.516765
0.498388
0.475731
0.725756
0.701629
0.649378
0.597127
0.573
0.555005
0.534907
0.508648
0.478584
0.448122
0.423452
0.398782
0.368321
0.645066
0.624771
0.582812
0.540853
0.520558
0.504683
0.485598
0.457831
0.423504
0.387938
0.35909
0.330242
0.294676
0.543915
0.528689
0.500018
0.471347
0.456121
0.44316
0.425684
0.396454
0.357112
0.31532
0.281306
0.247291
0.205499
0.398045
0.390363
0.381177
0.371991
0.364309
0.35576
0.340862
0.309765
0.263228
0.212314
0.170659
0.129004
0.078091
0.175074
0.179085
0.2
0.220915
0.224926
0.223207
0.212245
0.178006
0.119794
0.0540791
0
-0.0540791
-0.119794
-0.0478959
-0.0321933
0.0188231
0.0698395
0.0855421
0.0906533
0.0836282
0.0462469
-0.0236398
-0.104156
-0.170659
-0.237163
-0.317679
-0.193766
-0.170519
-0.100018
-0.0295164
-0.00626981
0.00325397
-0.00119406
-0.040443
-0.117524
-0.207162
-0.281306
-0.355449
-0.445087
0.871997
0.923726
0.999406
1.05714
1.08715
1.09722
1.06947
1.00248
0.943323
0.912218
0.896483
0.888579
0.890004
0.94262
1.01709
1.07178
1.09921
1.10801
1.08218
1.01985
0.963411
0.93249
0.915827
0.904897
0.906348
0.959025
1.05683
1.11691
1.13158
1.11191
1.06073
0.99392
0.94912
0.93695
0.932015
0.91855
0.927153
0.979338
1.07472
1.13128
1.14325
1.12284
1.07325
1.00866
0.96502
0.955372
0.952699
0.937207
0.949972
1.00153
1.09593
1.14808
1.15586
1.13336
1.08407
1.02171
0.980179
0.972771
0.972463
0.956977
0.96629
1.01732
1.11021
1.15899
1.16329
1.13871
1.08883
1.02797
0.988249
0.982105
0.983926
0.969152
0.97664
1.02679
1.11823
1.1652
1.16812
1.14321
1.09384
1.03393
0.994554
0.988131
0.992586
0.977115
0.985855
1.03458
1.12423
1.17024
1.17328
1.14969
1.10247
1.04364
1.00362
0.996558
1.0035
0.9861
0.996028
1.04241
1.12812
1.17413
1.17902
1.15888
1.11602
1.05951
1.01836
1.0099
1.02117
1.00066
1.00401
1.04653
1.12692
1.17539
1.18535
1.17244
1.13814
1.08736
1.04544
1.03401
1.05154
1.02709
1.00455
1.04302
1.1036
1.14466
1.16387
1.17564
1.1759
1.15707
1.12962
1.10679
1.08783
1.06146
0.999957
1.03673
1.09768
1.13994
1.16004
1.17403
1.17985
1.16938
1.14851
1.12873
1.1109
1.08515
282.314
271.142
271.881
284.482
298.408
311.432
313.627
296.199
279.72
274.222
274.354
280.2
282.524
272.649
274.919
288.057
301.549
313.883
316.319
300.446
284.283
277.902
276.888
280.913
282.966
274.197
274.385
287.537
304.961
320.439
320.868
298.506
277.226
268.629
279.295
281.655
284.431
276.721
279.358
292.839
309.818
324.017
323.944
302.671
281.416
271.751
283.075
283.771
287.704
280.4
284.057
298.32
314.804
327.583
326.683
306.299
285.74
276.043
287.515
287.622
291.284
283.683
287.507
302.429
318.65
330.411
328.485
308.122
288.06
278.677
290.459
290.689
293.846
285.942
289.792
304.782
320.709
332.059
330.217
310.587
290.739
281.13
292.414
292.119
296.2
288.029
291.635
306.205
321.722
333.06
332.366
314.511
294.913
284.6
294.665
293.107
299.344
290.685
293.324
306.826
321.734
333.484
335.311
320.912
302.165
290.731
298.624
294.954
304.22
294.319
294.452
305.701
319.561
332.265
338.729
331.023
315.287
302.75
306.615
300.157
308.983
297.779
296.012
305.309
314.155
323.6
332.532
334.276
329.048
322.919
317.383
309.56
310.527
299.103
295.704
303.6
311.483
320.344
330.066
334.886
332.983
328.737
324.132
316.88
-4.63978
1.44361
9.02038
14.6033
18.1845
21.423
24.2714
25.2854
24.4238
23.0287
21.5919
19.3078
-1.06309
4.50568
11.2807
16.2378
19.4607
22.427
25.1342
26.2846
25.7731
24.7381
23.6304
21.7777
1.59436
6.68351
20.8147
26.5463
30.3846
33.3546
34.1993
32.8894
31.8197
28.9823
24.7539
23.1899
4.34639
8.8616
19.9543
23.8339
26.3428
28.5575
30.0117
29.9012
29.1263
27.0637
25.4485
24.1196
6.43259
10.4241
19.4125
22.5877
24.5295
26.2212
27.7883
28.1345
27.5752
26.4343
24.9106
23.5634
7.03057
10.7527
18.6247
21.5048
23.3575
24.9489
26.1405
26.0884
25.1882
23.8005
23.4619
21.9058
6.87933
10.4685
17.3465
20.1871
22.0691
23.5977
24.2515
23.8664
22.8473
21.0122
22.2661
20.585
6.3171
9.81126
15.5019
18.442
20.3662
21.8434
22.112
21.5672
20.5383
18.5045
21.1256
19.3901
4.86577
8.32192
12.4485
15.5205
17.5183
19.0435
19.2267
18.6683
17.6399
15.6639
19.4205
17.6554
1.27302
4.8761
6.62162
9.55394
11.5455
13.2944
14.082
14.1422
13.3907
11.7259
16.3871
14.6299
-4.45382
-0.475216
5.06899
9.08756
11.3098
13.2357
14.9415
15.543
14.7866
13.4753
12.1103
10.4875
-9.3455
-5.06536
1.07496
5.49658
7.81989
9.75668
11.4007
11.9058
11.0792
9.76657
8.48234
7.13127
93604.1
102001
105188
100181
94691.8
93262.7
101527
109151
104280
97774.9
93671.2
91663.6
95661.5
104076
106574
101240
96072.7
94904.4
102787
110797
107341
101422
97171.3
94094.9
98052.5
106104
112899
110397
107683
107674
112962
116594
112242
106589
100177
96332.1
101342
108744
116122
113601
111418
111650
116313
119450
115488
110214
103656
99273.9
104904
111632
118344
115272
113248
113651
118025
120898
117237
112247
105852
101338
107109
113478
119476
115912
113958
114492
118693
121248
117525
112450
106001
101404
108193
114341
119991
116148
114187
114680
118673
121172
117620
112556
106191
101338
108835
114786
120306
116308
114270
114587
118327
120994
117917
113093
106932
101752
108829
114709
120221
116192
113984
113916
117196
120278
118165
113870
108183
102891
106601
113003
118861
115031
112463
111619
113983
117716
117393
114174
109213
105004
101610
108933
110647
104898
100244
96748.7
96480.3
101158
105601
107116
107062
105701
97331
105071
108632
104123
99841.2
95947.5
93774
95874.8
99447.9
101564
102682
103657
0.728344
0.68962
0.708666
0.782053
0.856132
0.904935
0.862855
0.761415
0.713739
0.710395
0.719542
0.739063
0.72832
0.693574
0.718388
0.793376
0.863846
0.908736
0.870176
0.773327
0.722748
0.714987
0.721031
0.738457
0.727102
0.69691
0.711541
0.776251
0.839641
0.874986
0.835704
0.74105
0.685795
0.677024
0.722813
0.737542
0.727185
0.702206
0.720099
0.783597
0.84178
0.871794
0.835214
0.746956
0.691191
0.679544
0.728225
0.73955
0.731896
0.710315
0.732271
0.797964
0.852566
0.877088
0.839786
0.755719
0.701519
0.689942
0.739277
0.749503
0.73964
0.718381
0.742259
0.810271
0.862749
0.883171
0.843511
0.760961
0.708665
0.698576
0.750341
0.761663
0.746352
0.724676
0.749014
0.817655
0.868976
0.888309
0.849578
0.769029
0.716721
0.705952
0.757755
0.768524
0.7536
0.731242
0.754526
0.82237
0.873009
0.89354
0.859314
0.782497
0.728913
0.715518
0.764858
0.772858
0.765469
0.740898
0.760082
0.825378
0.875821
0.900418
0.875944
0.806335
0.750977
0.732808
0.777048
0.778789
0.789071
0.757085
0.766454
0.826283
0.877388
0.910846
0.905402
0.851059
0.795907
0.77059
0.80524
0.794331
0.821169
0.778749
0.790213
0.85275
0.905286
0.954161
0.982139
0.956509
0.910467
0.878037
0.855652
0.829548
0.841583
0.794165
0.794429
0.849133
0.897611
0.947498
0.990073
0.989082
0.956906
0.926618
0.901357
0.866732
1
1
1
1
1
1
1
1
1
1
1
1
1
1
1
1
1
1
1
1
1
1
1
1
1
1
0
0
0
0
0
0
0
0
1
1
1
1
0
0
0
0
0
0
0
0
1
1
1
1
0
0
0
0
0
0
0
0
1
1
1
1
0
0
0
0
0
0
0
0
1
1
1
1
0
0
0
0
0
0
0
0
1
1
1
1
0
0
0
0
0
0
0
0
1
1
1
1
0
0
0
0
0
0
0
0
1
1
1
1
0
0
0
0
0
0
0
0
1
1
1
1
1
1
1
1
1
1
1
1
1
1
1
1
1
1
1
1
1
1
1
1
1
1
ZONE T="iter=400_phys", STRANDID=1, SOLUTIONTIME=400, I=9 J=9, DATAPACKING=BLOCK
VARLOCATION=([3-8]=CELLCENTERED)
1
0.808828
0.674358
0.54532
0.372547
0.141224
-0.0664018
-0.212987
-0.3
0.984984
0.795752
0.665554
0.541485
0.375734
0.153962
-0.0450757
-0.185611
-0.269039
0.966571
0.777626
0.652196
0.53409
0.376946
0.166997
-0.021345
-0.154313
-0.233234
0.954479
0.757486
0.631824
0.515133
0.360635
0.154552
-0.030358
-0.161076
-0.238796
0.950588
0.748848
0.623456
0.508097
0.355852
0.152951
-0.0291863
-0.158115
-0.234899
0.950074
0.747078
0.623243
0.510097
0.361115
0.162684
-0.0154802
-0.141677
-0.216889
0.952598
0.749841
0.62898
0.51952
0.375831
0.184625
0.0129547
-0.10868
-0.181193
0.963305
0.762034
0.646058
0.542446
0.407099
0.227307
0.0659629
-0.0483361
-0.116453
1
0.800349
0.691447
0.596447
0.473469
0.31068
0.164786
0.0615006
0
1.1
0.98383
0.936983
0.907591
0.884739
0.875002
0.880941
0.891568
0.9
1.01139
0.908782
0.866917
0.840209
0.818472
0.806295
0.805995
0.809268
0.811707
0.875629
0.792111
0.756991
0.733614
0.712549
0.695107
0.683574
0.674077
0.666243
0.73916
0.674088
0.645375
0.625039
0.604269
0.581053
0.557799
0.535142
0.516765
0.649378
0.597127
0.573
0.555005
0.534907
0.508648
0.478584
0.448122
0.423452
0.582812
0.540853
0.520558
0.504683
0.485598
0.457831
0.423504
0.387938
0.35909
0.500018
0.471347
0.456121
0.44316
0.425684
0.396454
0.357112
0.31532
0.281306
0.381177
0.371991
0.364309
0.35576
0.340862
0.309765
0.263228
0.212314
0.170659
0.2
0.220915
0.224926
0.223207
0.212245
0.178006
0.119794
0.0540791
0
1.06093
1.12212
1.13492
1.11121
1.05644
0.988647
0.945447
0.936532
1.07846
1.136
1.14584
1.12126
1.06803
1.00233
0.960352
0.954644
1.09977
1.15281
1.15833
1.13172
1.07881
1.01521
0.97527
0.972003
1.11393
1.16344
1.16532
1.13667
1.08324
1.02119
0.983086
0.981158
1.1218
1.16943
1.1699
1.14096
1.08804
1.02686
0.988995
0.9868
1.1277
1.17438
1.17505
1.14755
1.0968
1.03644
0.997674
0.994838
1.13129
1.17811
1.18091
1.15708
1.1107
1.05223
1.01184
1.00753
1.12986
1.17949
1.18797
1.17187
1.13403
1.08058
1.03844
1.03071
274.193
287.339
305.173
320.947
321.016
297.641
275.776
267.655
279.151
292.733
310.195
324.64
324.099
301.703
279.782
270.625
283.894
298.311
315.263
328.21
326.808
305.323
284.102
274.938
287.349
302.452
319.139
331.032
328.586
307.139
286.418
277.583
289.653
304.839
321.232
332.702
330.352
309.666
289.138
280.051
291.518
306.281
322.263
333.732
332.578
313.724
293.416
283.568
293.205
306.877
322.25
334.183
335.669
320.382
300.887
289.819
294.328
305.679
319.981
332.963
339.314
330.962
314.479
302.1
21.5395
27.5048
31.4962
34.4582
35.0156
33.3264
32.1562
29.2288
20.787
24.71
27.2439
29.414
30.6915
30.3525
29.4756
27.2856
20.0329
23.1679
25.0722
26.6961
28.1496
28.3626
27.7239
26.4838
19.0868
21.9073
23.7115
25.2242
26.2849
26.1043
25.145
23.7319
17.6675
20.4466
22.2804
23.7243
24.2193
23.6907
22.6287
20.8664
15.647
18.5343
20.4154
21.8075
21.8989
21.2068
20.1537
18.2905
12.3468
15.3666
17.3236
18.7703
18.7819
18.0987
17.0794
15.3809
6.31189
9.13629
11.0639
12.7457
13.4104
13.4008
12.6936
11.4076
112760
110492
107858
107744
112717
115974
111574
106225
115959
113779
111737
111874
116171
118826
114740
109807
118238
115537
113642
113926
117902
120267
116464
111828
119372
116185
114340
114728
118505
120561
116712
112002
119866
116400
114539
114883
118452
120450
116762
112057
120157
116530
114595
114779
118127
120288
117032
112547
120011
116342
114249
114092
117048
119630
117265
113266
118552
115042
112605
111740
113910
117224
116566
113523
0.713008
0.777437
0.841082
0.87611
0.835523
0.739051
0.683064
0.675668
0.721483
0.784526
0.84276
0.872172
0.834247
0.744305
0.687876
0.677806
0.733573
0.798786
0.853343
0.877158
0.83858
0.752947
0.698127
0.688231
0.743497
0.811011
0.863449
0.88317
0.842295
0.758199
0.705247
0.696896
0.750291
0.818449
0.869748
0.888381
0.848452
0.766387
0.713369
0.704322
0.755872
0.823257
0.8739
0.893742
0.858336
0.780075
0.725746
0.714009
0.761499
0.826359
0.876874
0.900865
0.875273
0.804324
0.748183
0.731568
0.768112
0.827588
0.878908
0.911977
0.90554
0.849945
0.793936
0.769879
0
0
0
0
0
0
0
0
0
0
0
0
0
0
0
0
0
0
0
0
0
0
0
0
0
0
0
0
0
0
0
0
0
0
0
0
0
0
0
0
0
0
0
0
0
0
0
0
0
0
0
0
0
0
0
0
0
0
0
0
0
0
0
0
ZONE T="iter=400_ghosts", STRANDID=1, SOLUTIONTIME=400, I=13 J=13, DATAPACKING=BLOCK
VARLOCATION=([3-8]=CELLCENTERED)
1.37034
1.22683
1.03343
0.840031
0.696521
0.55655
0.368147
0.115451
-0.111459
-0.27166
-0.366766
-0.461872
-0.622073
1.34687
1.20813
1.01502
0.821905
0.683163
0.549155
0.369359
0.128487
-0.0877278
-0.240362
-0.330961
-0.42156
-0.574194
1.32564
1.19117
1
0.808828
0.674358
0.54532
0.372547
0.141224
-0.0664018
-0.212987
-0.3
-0.387013
-0.533598
1.30441
1.17422
0.984984
0.795752
0.665554
0.541485
0.375734
0.153962
-0.0450757
-0.185611
-0.269039
-0.352467
-0.493003
1.28095
1.15552
0.966571
0.777626
0.652196
0.53409
0.376946
0.166997
-0.021345
-0.154313
-0.233234
-0.312155
-0.445123
1.27713
1.15147
0.954479
0.757486
0.631824
0.515133
0.360635
0.154552
-0.030358
-0.161076
-0.238796
-0.316517
-0.447235
1.27772
1.15233
0.950588
0.748848
0.623456
0.508097
0.355852
0.152951
-0.0291863
-0.158115
-0.234899
-0.311683
-0.440612
1.2769
1.15307
0.950074
0.747078
0.623243
0.510097
0.361115
0.162684
-0.0154802
-0.141677
-0.216889
-0.292101
-0.418298
1.27622
1.15536
0.952598
0.749841
0.62898
0.51952
0.375831
0.184625
0.0129547
-0.10868
-0.181193
-0.253705
-0.37534
1.28055
1.16458
0.963305
0.762034
0.646058
0.542446
0.407099
0.227307
0.0659629
-0.0483361
-0.116453
-0.18457
-0.298869
1.30855
1.19965
1
0.800349
0.691447
0.596447
0.473469
0.31068
0.164786
0.0615006
0
-0.0615006
-0.164786
1.33655
1.23473
1.0367
0.838664
0.736837
0.650448
0.53984
0.394053
0.263609
0.171337
0.116453
0.0615692
-0.0307027
1.34089
1.24395
1.0474
0.850857
0.753915
0.673374
0.571108
0.436734
0.316617
0.231681
0.181193
0.130704
0.0457684
1.53177
1.47319
1.32437
1.17555
1.11697
1.08157
1.05693
1.0549
1.07831
1.10906
1.13376
1.15845
1.18921
1.37016
1.31833
1.18861
1.05888
1.00705
0.974973
0.951005
0.943709
0.955887
0.973869
0.988293
1.00272
1.0207
1.26302
1.21617
1.1
0.98383
0.936983
0.907591
0.884739
0.875002
0.880941
0.891568
0.9
0.908432
0.919059
1.15587
1.11401
1.01139
0.908782
0.866917
0.840209
0.818472
0.806295
0.805995
0.809268
0.811707
0.814147
0.81742
0.994268
0.959148
0.875629
0.792111
0.756991
0.733614
0.712549
0.695107
0.683574
0.674077
0.666243
0.658409
0.648912
0.832946
0.804232
0.73916
0.674088
0.645375
0.625039
0.604269
0.581053
0.557799
0.535142
0.516765
0.498388
0.475731
0.725756
0.701629
0.649378
0.597127
0.573
0.555005
0.534907
0.508648
0.478584
0.448122
0.423452
0.398782
0.368321
0.645066
0.624771
0.582812
0.540853
0.520558
0.504683
0.485598
0.457831
0.423504
0.387938
0.35909
0.330242
0.294676
0.543915
0.528689
0.500018
0.471347
0.456121
0.44316
0.425684
0.396454
0.357112
0.31532
0.281306
0.247291
0.205499
0.398045
0.390363
0.381177
0.371991
0.364309
0.35576
0.340862
0.309765
0.263228
0.212314
0.170659
0.129004
0.078091
0.175074
0.179085
0.2
0.220915
0.224926
0.223207
0.212245
0.178006
0.119794
0.0540791
0
-0.0540791
-0.119794
-0.0478959
-0.0321933
0.0188231
0.0698395
0.0855421
0.0906533
0.0836282
0.0462469
-0.0236398
-0.104156
-0.170659
-0.237163
-0.317679
-0.193766
-0.170519
-0.100018
-0.0295164
-0.00626981
0.00325397
-0.00119406
-0.040443
-0.117524
-0.207162
-0.281306
-0.355449
-0.445087
0.871997
0.923726
0.999406
1.05714
1.08715
1.09722
1.06947
1.00248
0.943323
0.912218
0.896483
0.888579
0.890004
0.94262
1.01709
1.07178
1.09921
1.10801
1.08218
1.01985
0.963411
0.93249
0.915827
0.904897
0.906348
0.959025
1.06093
1.12212
1.13492
1.11121
1.05644
0.988647
0.945447
0.936532
0.932015
0.91855
0.927153
0.979338
1.07846
1.136
1.14584
1.12126
1.06803
1.00233
0.960352
0.954644
0.952699
0.937207
0.949972
1.00153
1.09977
1.15281
1.15833
1.13172
1.07881
1.01521
0.97527
0.972003
0.972463
0.956977
0.96629
1.01732
1.11393
1.16344
1.16532
1.13667
1.08324
1.02119
0.983086
0.981158
0.983926
0.969152
0.97664
1.02679
1.1218
1.16943
1.1699
1.14096
1.08804
1.02686
0.988995
0.9868
0.992586
0.977115
0.985855
1.03458
1.1277
1.17438
1.17505
1.14755
1.0968
1.03644
0.997674
0.994838
1.0035
0.9861
0.996028
1.04241
1.13129
1.17811
1.18091
1.15708
1.1107
1.05223
1.01184
1.00753
1.02117
1.00066
1.00401
1.04653
1.12986
1.17949
1.18797
1.17187
1.13403
1.08058
1.03844
1.03071
1.05154
1.02709
1.00455
1.04302
1.1036
1.14466
1.16387
1.17564
1.1759
1.15707
1.12962
1.10679
1.08783
1.06146
0.999957
1.03673
1.09768
1.13994
1.16004
1.17403
1.17985
1.16938
1.14851
1.12873
1.1109
1.08515
282.314
271.142
271.881
284.482
298.408
311.432
313.627
296.199
279.72
274.222
274.354
280.2
282.524
272.649
274.919
288.057
301.549
313.883
316.319
300.446
284.283
277.902
276.888
280.913
282.966
274.197
274.193
287.339
305.173
320.947
321.016
297.641
275.776
267.655
279.295
281.655
284.431
276.721
279.151
292.733
310.195
324.64
324.099
301.703
279.782
270.625
283.075
283.771
287.704
280.4
283.894
298.311
315.263
328.21
326.808
305.323
284.102
274.938
287.515
287.622
291.284
283.683
287.349
302.452
319.139
331.032
328.586
307.139
286.418
277.583
290.459
290.689
293.846
285.942
289.653
304.839
321.232
332.702
330.352
309.666
289.138
280.051
292.414
292.119
296.2
288.029
291.518
306.281
322.263
333.732
332.578
313.724
293.416
283.568
294.665
293.107
299.344
290.685
293.205
306.877
322.25
334.183
335.669
320.382
300.887
289.819
298.624
294.954
304.22
294.319
294.328
305.679
319.981
332.963
339.314
330.962
314.479
302.1
306.615
300.157
308.983
297.779
296.012
305.309
314.155
323.6
332.532
334.276
329.048
322.919
317.383
309.56
310.527
299.103
295.704
303.6
311.483
320.344
330.066
334.886
332.983
328.737
324.132
316.88
-4.63978
1.44361
9.02038
14.6033
18.1845
21.423
24.2714
25.2854
24.4238
23.0287
21.5919
19.3078
-1.06309
4.50568
11.2807
16.2378
19.4607
22.427
25.1342
26.2846
25.7731
24.7381
23.6304
21.7777
1.59436
6.68351
21.5395
27.5048
31.4962
34.4582
35.0156
33.3264
32.1562
29.2288
24.7539
23.1899
4.34639
8.8616
20.787
24.71
27.2439
29.414
30.6915
30.3525
29.4756
27.2856
25.4485
24.1196
6.43259
10.4241
20.0329
23.1679
25.0722
26.6961
28.1496
28.3626
27.7239
26.4838
24.9106
23.5634
7.03057
10.7527
19.0868
21.9073
23.7115
25.2242
26.2849
26.1043
25.145
23.7319
23.4619
21.9058
6.87933
10.4685
17.6675
20.4466
22.2804
23.7243
24.2193
23.6907
22.6287
20.8664
22.2661
20.585
6.3171
9.81126
15.647
18.5343
20.4154
21.8075
21.8989
21.2068
20.1537
18.2905
21.1256
19.3901
4.86577
8.32192
12.3468
15.3666
17.3236
18.7703
18.7819
18.0987
17.0794
15.3809
19.4205
17.6554
1.27302
4.8761
6.31189
9.13629
11.0639
12.7457
13.4104
13.4008
12.6936
11.4076
16.3871
14.6299
-4.45382
-0.475216
5.06899
9.08756
11.3098
13.2357
14.9415
15.543
14.7866
13.4753
12.1103
10.4875
-9.3455
-5.06536
1.07496
5.49658
7.81989
9.75668
11.4007
11.9058
11.0792
9.76657
8.48234
7.13127
93604.1
102001
105188
100181
94691.8
93262.7
101527
109151
104280
97774.9
93671.2
91663.6
95661.5
104076
106574
101240
96072.7
94904.4
102787
110797
107341
101422
97171.3
94094.9
98052.5
106104
112760
110492
107858
107744
112717
115974
111574
106225
100177
96332.1
101342
108744
115959
113779
111737
111874
116171
118826
114740
109807
103656
99273.9
104904
111632
118238
115537
113642
113926
117902
120267
116464
111828
105852
101338
107109
113478
119372
116185
114340
114728
118505
120561
116712
112002
106001
101404
108193
114341
119866
116400
114539
114883
118452
120450
116762
112057
106191
101338
108835
114786
120157
116530
114595
114779
118127
120288
117032
112547
106932
101752
108829
114709
120011
116342
114249
114092
117048
119630
117265
113266
108183
102891
106601
113003
118552
115042
112605
111740
113910
117224
116566
113523
109213
105004
101610
108933
110647
104898
100244
96748.7
96480.3
101158
105601
107116
107062
105701
97331
105071
108632
104123
99841.2
95947.5
93774
95874.8
99447.9
101564
102682
103657
0.728344
0.68962
0.708666
0.782053
0.856132
0.904935
0.862855
0.761415
0.713739
0.710395
0.719542
0.739063
0.72832
0.693574
0.718388
0.793376
0.863846
0.908736
0.870176
0.773327
0.722748
0.714987
0.721031
0.738457
0.727102
0.69691
0.713008
0.777437
0.841082
0.87611
0.835523
0.739051
0.683064
0.675668
0.722813
0.737542
0.727185
0.702206
0.721483
0.784526
0.84276
0.872172
0.834247
0.744305
0.687876
0.677806
0.728225
0.73955
0.731896
0.710315
0.733573
0.798786
0.853343
0.877158
0.83858
0.752947
0.698127
0.688231
0.739277
0.749503
0.73964
0.718381
0.743497
0.811011
0.863449
0.88317
0.842295
0.758199
0.705247
0.696896
0.750341
0.761663
0.746352
0.724676
0.750291
0.818449
0.869748
0.888381
0.848452
0.766387
0.713369
0.704322
0.757755
0.768524
0.7536
0.731242
0.755872
0.823257
0.8739
0.893742
0.858336
0.780075
0.725746
0.714009
0.764858
0.772858
0.765469
0.740898
0.761499
0.826359
0.876874
0.900865
0.875273
0.804324
0.748183
0.731568
0.777048
0.778789
0.789071
0.757085
0.768112
0.827588
0.878908
0.911977
0.90554
0.849945
0.793936
0.769879
0.80524
0.794331
0.821169
0.778749
0.790213
0.85275
0.905286
0.954161
0.982139
0.956509
0.910467
0.878037
0.855652
0.829548
0.841583
0.794165
0.794429
0.849133
0.897611
0.947498
0.990073
0.989082
0.956906
0.926618
0.901357
0.866732
1
1
1
1
1
1
1
1
1
1
1
1
1
1
1
1
1
1
1
1
1
1
1
1
1
1
0
0
0
0
0
0
0
0
1
1
1
1
0
0
0
0
0
0
0
0
1
1
1
1
0
0
0
0
0
0
0
0
1
1
1
1
0
0
0
0
0
0
0
0
1
1
1
1
0
0
0
0
0
0
0
0
1
1
1
1
0
0
0
0
0
0
0
0
1
1
1
1
0
0
0
0
0
0
0
0
1
1
1
1
0
0
0
0
0
0
0
0
1
1
1
1
1
1
1
1
1
1
1
1
1
1
1
1
1
1
1
1
1
1
1
1
1
1
ZONE T="iter=450_phys", STRANDID=1, SOLUTIONTIME=450, I=9 J=9, DATAPACKING=BLOCK
VARLOCATION=([3-8]=CELLCENTERED)
1
0.808828
0.674358
0.54532
0.372547
0.141224
-0.0664018
-0.212987
-0.3
0.984984
0.795752
0.665554
0.541485
0.375734
0.153962
-0.0450757
-0.185611
-0.269039
0.966571
0.777626
0.652196
0.53409
0.376946
0.166997
-0.021345
-0.154313
-0.233234
0.954479
0.757486
0.631824
0.515133
0.360635
0.154552
-0.030358
-0.161076
-0.238796
0.950588
0.748848
0.623456
0.508097
0.355852
0.152951
-0.0291863
-0.158115
-0.234899
0.950074
0.747078
0.623243
0.510097
0.361115
0.162684
-0.0154802
-0.141677
-0.216889
0.952598
0.749841
0.62898
0.51952
0.375831
0.184625
0.0129547
-0.10868
-0.181193
0.963305
0.762034
0.646058
0.542446
0.407099
0.227307
0.0659629
-0.0483361
-0.116453
1
0.800349
0.691447
0.596447
0.473469
0.31068
0.164786
0.0615006
0
1.1
0.98383
0.936983
0.907591
0.884739
0.875002
0.880941
0.891568
0.9
1.01139
0.908782
0.866917
0.840209
0.818472
0.806295
0.805995
0.809268
0.811707
0.875629
0.792111
0.756991
0.733614
0.712549
0.695107
0.683574
0.674077
0.666243
0.73916
0.674088
0.645375
0.625039
0.604269
0.581053
0.557799
0.535142
0.516765
0.649378
0.597127
0.573
0.555005
0.534907
0.508648
0.478584
0.448122
0.423452
0.582812
0.540853
0.520558
0.504683
0.485598
0.457831
0.423504
0.387938
0.35909
0.500018
0.471347
0.456121
0.44316
0.425684
0.396454
0.357112
0.31532
0.281306
0.381177
0.371991
0.364309
0.35576
0.340862
0.309765
0.263228
0.212314
0.170659
0.2
0.220915
0.224926
0.223207
0.212245
0.178006
0.119794
0.0540791
0
1.06508
1.12735
1.1382
1.11048
1.05219
0.983492
0.941998
0.936316
1.08226
1.14069
1.14826
1.11946
1.06268
0.995983
0.95586
0.954132
1.10362
1.15748
1.16059
1.12984
1.07339
1.00866
0.97054
0.971465
1.11767
1.16782
1.16715
1.1344
1.0775
1.01436
0.978099
0.980451
1.12538
1.17358
1.17145
1.13847
1.08208
1.01973
0.983604
0.98573
1.13116
1.17844
1.1766
1.14515
1.09095
1.02918
0.991899
0.99339
1.13448
1.18203
1.18259
1.15505
1.1052
1.04489
1.00549
1.00546
1.13285
1.18359
1.19046
1.17113
1.1298
1.07376
1.03161
1.02772
274.04
287.185
305.385
321.413
321.12
296.768
274.392
266.802
278.973
292.665
310.564
325.214
324.2
300.708
278.21
269.637
283.755
298.337
315.708
328.783
326.875
304.318
282.531
273.974
287.217
302.51
319.614
331.599
328.632
306.13
284.846
276.636
289.539
304.929
321.74
333.292
330.431
308.717
287.603
279.12
291.424
306.391
322.792
334.355
332.736
312.905
291.977
282.68
293.107
306.962
322.761
334.84
335.973
319.811
299.655
289.044
294.225
305.696
320.406
333.628
339.842
330.844
313.686
301.561
22.2082
28.4132
32.552
35.4889
35.7499
33.6819
32.4272
29.4417
21.6006
25.5825
28.1497
30.2725
31.3648
30.7917
29.8204
27.5061
20.6536
23.7545
25.6267
27.1833
28.5158
28.5879
27.8647
26.5283
19.5442
22.3074
24.0635
25.4954
26.4216
26.1118
25.097
23.6677
17.9791
20.6965
22.4789
23.8353
24.1745
23.5084
22.419
20.7432
15.7809
18.6124
20.445
21.7498
21.6726
20.8439
19.7921
18.1197
12.2397
15.2011
17.1097
18.4748
18.3246
17.5303
16.5537
15.1593
6.02758
8.73605
10.5898
12.2003
12.7472
12.6767
12.0477
11.1682
112663
110622
108052
107814
112472
115373
110949
105924
115812
113967
112045
112063
115993
118188
114017
109461
118141
115809
114024
114165
117741
119617
115715
111473
119278
116464
114708
114929
118281
119856
115923
111620
119750
116657
114876
115049
118193
119709
115927
111626
120014
116757
114904
114934
117888
119559
116168
112071
119808
116498
114502
114233
116860
118959
116388
112732
118266
115075
112754
111848
113812
116710
115757
112941
0.714446
0.778613
0.842424
0.877098
0.835225
0.736998
0.68043
0.674479
0.722912
0.785511
0.843698
0.872474
0.833213
0.741628
0.684704
0.676298
0.734914
0.799652
0.854062
0.877138
0.837298
0.750148
0.69489
0.686753
0.744777
0.811791
0.864085
0.883074
0.840999
0.755408
0.70199
0.695458
0.751607
0.819281
0.870456
0.888358
0.847245
0.763713
0.710172
0.702941
0.757256
0.824184
0.874731
0.893856
0.857279
0.777615
0.72272
0.712746
0.76295
0.827387
0.877881
0.901233
0.874527
0.802264
0.74551
0.730559
0.76977
0.828921
0.880371
0.913012
0.905579
0.848744
0.792022
0.769345
0
0
0
0
0
0
0
0
0
0
0
0
0
0
0
0
0
0
0
0
0
0
0
0
0
0
0
0
0
0
0
0
0
0
0
0
0
0
0
0
0
0
0
0
0
0
0
0
0
0
0
0
0
0
0
0
0
0
0
0
0
0
0
0
ZONE T="iter=450_ghosts", STRANDID=1, SOLUTIONTIME=450, I=13 J=13, DATAPACKING=BLOCK
VARLOCATION=([3-8]=CELLCENTERED)
1.37034
1.22683
1.03343
0.840031
0.696521
0.55655
0.368147
0.115451
-0.111459
-0.27166
-0.366766
-0.461872
-0.622073
1.34687
1.20813
1.01502
0.821905
0.683163
0.549155
0.369359
0.128487
-0.0877278
-0.240362
-0.330961
-0.42156
-0.574194
1.32564
1.19117
1
0.808828
0.674358
0.54532
0.372547
0.141224
-0.0664018
-0.212987
-0.3
-0.387013
-0.533598
1.30441
1.17422
0.984984
0.795752
0.665554
0.541485
0.375734
0.153962
-0.0450757
-0.185611
-0.269039
-0.352467
-0.493003
1.28095
1.15552
0.966571
0.777626
0.652196
0.53409
0.376946
0.166997
-0.021345
-0.154313
-0.233234
-0.312155
-0.445123
1.27713
1.15147
0.954479
0.757486
0.631824
0.515133
0.360635
0.154552
-0.030358
-0.161076
-0.238796
-0.316517
-0.447235
1.27772
1.15233
0.950588
0.748848
0.623456
0.508097
0.355852
0.152951
-0.0291863
-0.158115
-0.234899
-0.311683
-0.440612
1.2769
1.15307
0.950074
0.747078
0.623243
0.510097
0.361115
0.162684
-0.0154802
-0.141677
-0.216889
-0.292101
-0.418298
1.27622
1.15536
0.952598
0.749841
0.62898
0.51952
0.375831
0.184625
0.0129547
-0.10868
-0.181193
-0.253705
-0.37534
1.28055
1.16458
0.963305
0.762034
0.646058
0.542446
0.407099
0.227307
0.0659629
-0.0483361
-0.116453
-0.18457
-0.298869
1.30855
1.19965
1
0.800349
0.691447
0.596447
0.473469
0.31068
0.164786
0.0615006
0
-0.0615006
-0.164786
1.33655
1.23473
1.0367
0.838664
0.736837
0.650448
0.53984
0.394053
0.263609
0.171337
0.116453
0.0615692
-0.0307027
1.34089
1.24395
1.0474
0.850857
0.753915
0.673374
0.571108
0.436734
0.316617
0.231681
0.181193
0.130704
0.0457684
1.53177
1.47319
1.32437
1.17555
1.11697
1.08157
1.05693
1.0549
1.07831
1.10906
1.13376
1.15845
1.18921
1.37016
1.31833
1.18861
1.05888
1.00705
0.974973
0.951005
0.943709
0.955887
0.973869
0.988293
1.00272
1.0207
1.26302
1.21617
1.1
0.98383
0.936983
0.907591
0.884739
0.875002
0.880941
0.891568
0.9
0.908432
0.919059
1.15587
1.11401
1.01139
0.908782
0.866917
0.840209
0.818472
0.806295
0.805995
0.809268
0.811707
0.814147
0.81742
0.994268
0.959148
0.875629
0.792111
0.756991
0.733614
0.712549
0.695107
0.683574
0.674077
0.666243
0.658409
0.648912
0.832946
0.804232
0.73916
0.674088
0.645375
0.625039
0.604269
0.581053
0.557799
0.535142
0.516765
0.498388
0.475731
0.725756
0.701629
0.649378
0.597127
0.573
0.555005
0.534907
0.508648
0.478584
0.448122
0.423452
0.398782
0.368321
0.645066
0.624771
0.582812
0.540853
0.520558
0.504683
0.485598
0.457831
0.423504
0.387938
0.35909
0.330242
0.294676
0.543915
0.528689
0.500018
0.471347
0.456121
0.44316
0.425684
0.396454
0.357112
0.31532
0.281306
0.247291
0.205499
0.398045
0.390363
0.381177
0.371991
0.364309
0.35576
0.340862
0.309765
0.263228
0.212314
0.170659
0.129004
0.078091
0.175074
0.179085
0.2
0.220915
0.224926
0.223207
0.212245
0.178006
0.119794
0.0540791
0
-0.0540791
-0.119794
-0.0478959
-0.0321933
0.0188231
0.0698395
0.0855421
0.0906533
0.0836282
0.0462469
-0.0236398
-0.104156
-0.170659
-0.237163
-0.317679
-0.193766
-0.170519
-0.100018
-0.0295164
-0.00626981
0.00325397
-0.00119406
-0.040443
-0.117524
-0.207162
-0.281306
-0.355449
-0.445087
0.871997
0.923726
0.999406
1.05714
1.08715
1.09722
1.06947
1.00248
0.943323
0.912218
0.896483
0.888579
0.890004
0.94262
1.01709
1.07178
1.09921
1.10801
1.08218
1.01985
0.963411
0.93249
0.915827
0.904897
0.906348
0.959025
1.06508
1.12735
1.1382
1.11048
1.05219
0.983492
0.941998
0.936316
0.932015
0.91855
0.927153
0.979338
1.08226
1.14069
1.14826
1.11946
1.06268
0.995983
0.95586
0.954132
0.952699
0.937207
0.949972
1.00153
1.10362
1.15748
1.16059
1.12984
1.07339
1.00866
0.97054
0.971465
0.972463
0.956977
0.96629
1.01732
1.11767
1.16782
1.16715
1.1344
1.0775
1.01436
0.978099
0.980451
0.983926
0.969152
0.97664
1.02679
1.12538
1.17358
1.17145
1.13847
1.08208
1.01973
0.983604
0.98573
0.992586
0.977115
0.985855
1.03458
1.13116
1.17844
1.1766
1.14515
1.09095
1.02918
0.991899
0.99339
1.0035
0.9861
0.996028
1.04241
1.13448
1.18203
1.18259
1.15505
1.1052
1.04489
1.00549
1.00546
1.02117
1.00066
1.00401
1.04653
1.13285
1.18359
1.19046
1.17113
1.1298
1.07376
1.03161
1.02772
1.05154
1.02709
1.00455
1.04302
1.1036
1.14466
1.16387
1.17564
1.1759
1.15707
1.12962
1.10679
1.08783
1.06146
0.999957
1.03673
1.09768
1.13994
1.16004
1.17403
1.17985
1.16938
1.14851
1.12873
1.1109
1.08515
282.314
271.142
271.881
284.482
298.408
311.432
313.627
296.199
279.72
274.222
274.354
280.2
282.524
272.649
274.919
288.057
301.549
313.883
316.319
300.446
284.283
277.902
276.888
280.913
282.966
274.197
274.04
287.185
305.385
321.413
321.12
296.768
274.392
266.802
279.295
281.655
284.431
276.721
278.973
292.665
310.564
325.214
324.2
300.708
278.21
269.637
283.075
283.771
287.704
280.4
283.755
298.337
315.708
328.783
326.875
304.318
282.531
273.974
287.515
287.622
291.284
283.683
287.217
302.51
319.614
331.599
328.632
306.13
284.846
276.636
290.459
290.689
293.846
285.942
289.539
304.929
321.74
333.292
330.431
308.717
287.603
279.12
292.414
292.119
296.2
288.029
291.424
306.391
322.792
334.355
332.736
312.905
291.977
282.68
294.665
293.107
299.344
290.685
293.107
306.962
322.761
334.84
335.973
319.811
299.655
289.044
298.624
294.954
304.22
294.319
294.225
305.696
320.406
333.628
339.842
330.844
313.686
301.561
306.615
300.157
308.983
297.779
296.012
305.309
314.155
323.6
332.532
334.276
329.048
322.919
317.383
309.56
310.527
299.103
295.704
303.6
311.483
320.344
330.066
334.886
332.983
328.737
324.132
316.88
-4.63978
1.44361
9.02038
14.6033
18.1845
21.423
24.2714
25.2854
24.4238
23.0287
21.5919
19.3078
-1.06309
4.50568
11.2807
16.2378
19.4607
22.427
25.1342
26.2846
25.7731
24.7381
23.6304
21.7777
1.59436
6.68351
22.2082
28.4132
32.552
35.4889
35.7499
33.6819
32.4272
29.4417
24.7539
23.1899
4.34639
8.8616
21.6006
25.5825
28.1497
30.2725
31.3648
30.7917
29.8204
27.5061
25.4485
24.1196
6.43259
10.4241
20.6536
23.7545
25.6267
27.1833
28.5158
28.5879
27.8647
26.5283
24.9106
23.5634
7.03057
10.7527
19.5442
22.3074
24.0635
25.4954
26.4216
26.1118
25.097
23.6677
23.4619
21.9058
6.87933
10.4685
17.9791
20.6965
22.4789
23.8353
24.1745
23.5084
22.419
20.7432
22.2661
20.585
6.3171
9.81126
15.7809
18.6124
20.445
21.7498
21.6726
20.8439
19.7921
18.1197
21.1256
19.3901
4.86577
8.32192
12.2397
15.2011
17.1097
18.4748
18.3246
17.5303
16.5537
15.1593
19.4205
17.6554
1.27302
4.8761
6.02758
8.73605
10.5898
12.2003
12.7472
12.6767
12.0477
11.1682
16.3871
14.6299
-4.45382
-0.475216
5.06899
9.08756
11.3098
13.2357
14.9415
15.543
14.7866
13.4753
12.1103
10.4875
-9.3455
-5.06536
1.07496
5.49658
7.81989
9.75668
11.4007
11.9058
11.0792
9.76657
8.48234
7.13127
93604.1
102001
105188
100181
94691.8
93262.7
101527
109151
104280
97774.9
93671.2
91663.6
95661.5
104076
106574
101240
96072.7
94904.4
102787
110797
107341
101422
97171.3
94094.9
98052.5
106104
112663
110622
108052
107814
112472
115373
110949
105924
100177
96332.1
101342
108744
115812
113967
112045
112063
115993
118188
114017
109461
103656
99273.9
104904
111632
118141
115809
114024
114165
117741
119617
115715
111473
105852
101338
107109
113478
119278
116464
114708
114929
118281
119856
115923
111620
106001
101404
108193
114341
119750
116657
114876
115049
118193
119709
115927
111626
106191
101338
108835
114786
120014
116757
114904
114934
117888
119559
116168
112071
106932
101752
108829
114709
119808
116498
114502
114233
116860
118959
116388
112732
108183
102891
106601
113003
118266
115075
112754
111848
113812
116710
115757
112941
109213
105004
101610
108933
110647
104898
100244
96748.7
96480.3
101158
105601
107116
107062
105701
97331
105071
108632
104123
99841.2
95947.5
93774
95874.8
99447.9
101564
102682
103657
0.728344
0.68962
0.708666
0.782053
0.856132
0.904935
0.862855
0.761415
0.713739
0.710395
0.719542
0.739063
0.72832
0.693574
0.718388
0.793376
0.863846
0.908736
0.870176
0.773327
0.722748
0.714987
0.721031
0.738457
0.727102
0.69691
0.714446
0.778613
0.842424
0.877098
0.835225
0.736998
0.68043
0.674479
0.722813
0.737542
0.727185
0.702206
0.722912
0.785511
0.843698
0.872474
0.833213
0.741628
0.684704
0.676298
0.728225
0.73955
0.731896
0.710315
0.734914
0.799652
0.854062
0.877138
0.837298
0.750148
0.69489
0.686753
0.739277
0.749503
0.73964
0.718381
0.744777
0.811791
0.864085
0.883074
0.840999
0.755408
0.70199
0.695458
0.750341
0.761663
0.746352
0.724676
0.751607
0.819281
0.870456
0.888358
0.847245
0.763713
0.710172
0.702941
0.757755
0.768524
0.7536
0.731242
0.757256
0.824184
0.874731
0.893856
0.857279
0.777615
0.72272
0.712746
0.764858
0.772858
0.765469
0.740898
0.76295
0.827387
0.877881
0.901233
0.874527
0.802264
0.74551
0.730559
0.777048
0.778789
0.789071
0.757085
0.76977
0.828921
0.880371
0.913012
0.905579
0.848744
0.792022
0.769345
0.80524
0.794331
0.821169
0.778749
0.790213
0.85275
0.905286
0.954161
0.982139
0.956509
0.910467
0.878037
0.855652
0.829548
0.841583
0.794165
0.794429
0.849133
0.897611
0.947498
0.990073
0.989082
0.956906
0.926618
0.901357
0.866732
1
1
1
1
1
1
1
1
1
1
1
1
1
1
1
1
1
1
1
1
1
1
1
1
1
1
0
0
0
0
0
0
0
0
1
1
1
1
0
0
0
0
0
0
0
0
1
1
1
1
0
0
0
0
0
0
0
0
1
1
1
1
0
0
0
0
0
0
0
0
1
1
1
1
0
0
0
0
0
0
0
0
1
1
1
1
0
0
0
0
0
0
0
0
1
1
1
1
0
0
0
0
0
0
0
0
1
1
1
1
0
0
0
0
0
0
0
0
1
1
1
1
1
1
1
1
1
1
1
1
1
1
1
1
1
1
1
1
1
1
1
1
1
1
ZONE T="iter=500_phys", STRANDID=1, SOLUTIONTIME=500, I=9 J=9, DATAPACKING=BLOCK
VARLOCATION=([3-8]=CELLCENTERED)
1
0.808828
0.674358
0.54532
0.372547
0.141224
-0.0664018
-0.212987
-0.3
0.984984
0.795752
0.665554
0.541485
0.375734
0.153962
-0.0450757
-0.185611
-0.269039
0.966571
0.777626
0.652196
0.53409
0.376946
0.166997
-0.021345
-0.154313
-0.233234
0.954479
0.757486
0.631824
0.515133
0.360635
0.154552
-0.030358
-0.161076
-0.238796
0.950588
0.748848
0.623456
0.508097
0.355852
0.152951
-0.0291863
-0.158115
-0.234899
0.950074
0.747078
0.623243
0.510097
0.361115
0.162684
-0.0154802
-0.141677
-0.216889
0.952598
0.749841
0.62898
0.51952
0.375831
0.184625
0.0129547
-0.10868
-0.181193
0.963305
0.762034
0.646058
0.542446
0.407099
0.227307
0.0659629
-0.0483361
-0.116453
1
0.800349
0.691447
0.596447
0.473469
0.31068
0.164786
0.0615006
0
1.1
0.98383
0.936983
0.907591
0.884739
0.875002
0.880941
0.891568
0.9
1.01139
0.908782
0.866917
0.840209
0.818472
0.806295
0.805995
0.809268
0.811707
0.875629
0.792111
0.756991
0.733614
0.712549
0.695107
0.683574
0.674077
0.666243
0.73916
0.674088
0.645375
0.625039
0.604269
0.581053
0.557799
0.535142
0.516765
0.649378
0.597127
0.573
0.555005
0.534907
0.508648
0.478584
0.448122
0.423452
0.582812
0.540853
0.520558
0.504683
0.485598
0.457831
0.423504
0.387938
0.35909
0.500018
0.471347
0.456121
0.44316
0.425684
0.396454
0.357112
0.31532
0.281306
0.381177
0.371991
0.364309
0.35576
0.340862
0.309765
0.263228
0.212314
0.170659
0.2
0.220915
0.224926
0.223207
0.212245
0.178006
0.119794
0.0540791
0
1.06926
1.13258
1.14143
1.10971
1.04799
0.978456
0.938772
0.936272
1.08612
1.14534
1.1505
1.11747
1.0572
0.989646
0.951556
0.953804
1.1075
1.16207
1.16264
1.12773
1.06783
1.00209
0.965997
0.971123
1.12142
1.17212
1.16877
1.1319
1.07161
1.00749
0.9733
0.97995
1.12895
1.17763
1.17278
1.13574
1.07596
1.01256
0.978398
0.984884
1.13461
1.1824
1.17791
1.14252
1.08493
1.02188
0.986309
0.992177
1.13768
1.18588
1.18406
1.15279
1.09954
1.0375
0.999342
1.00365
1.13589
1.18768
1.19282
1.17023
1.12546
1.0669
1.025
1.02503
273.918
287.067
305.592
321.838
321.184
295.891
273.079
266.052
278.826
292.631
310.922
325.739
324.249
299.694
276.707
268.766
283.639
298.391
316.136
329.303
326.886
303.292
281.034
273.131
287.109
302.596
320.07
332.112
328.624
305.101
283.351
275.812
289.45
305.047
322.229
333.829
330.458
307.746
286.142
278.315
291.353
306.529
323.304
334.928
332.84
312.058
290.604
281.916
293.031
307.079
323.261
335.454
336.223
319.205
298.477
288.387
294.141
305.749
320.831
334.258
340.314
330.673
312.918
301.118
22.8306
29.2799
33.5576
36.4519
36.408
33.9637
32.6426
29.6262
22.3927
26.4483
29.0557
31.1277
32.0264
31.2152
30.1585
27.7213
21.273
24.3466
26.192
27.6811
28.8853
28.8089
27.9977
26.5692
19.9969
22.7051
24.4136
25.7627
26.5511
26.1112
25.0452
23.6078
18.2811
20.9366
22.6646
23.9312
24.1176
23.3206
22.2196
20.6381
15.904
18.6764
20.4556
21.6713
21.4339
20.4807
19.4562
17.9839
12.1289
15.0257
16.8785
18.1597
17.8575
16.9667
16.0668
14.9889
5.76646
8.35059
10.1217
11.6585
12.0935
11.9731
11.4561
10.9952
112605
110782
108261
107882
112227
114789
110366
105676
115683
114166
112344
112220
115782
117540
113321
109167
118055
116086
114391
114367
117541
118952
114993
111174
119192
116748
115060
115093
118022
119135
115162
111295
119640
116917
115195
115177
117898
118952
115119
111255
119878
116986
115194
115052
117610
118813
115331
111656
119614
116659
114741
114342
116636
118268
115537
112262
118004
115128
112907
111941
113688
116176
114970
112422
0.715851
0.779773
0.843666
0.877954
0.834817
0.734904
0.677904
0.673427
0.724383
0.786541
0.844586
0.872697
0.832112
0.738933
0.681684
0.674984
0.736292
0.800552
0.854716
0.877028
0.835944
0.747333
0.691817
0.685469
0.746096
0.812603
0.864653
0.882884
0.839626
0.752602
0.698907
0.694223
0.752961
0.820142
0.871095
0.888242
0.845961
0.761019
0.707144
0.701771
0.758675
0.825141
0.875499
0.893881
0.856146
0.775127
0.71985
0.71169
0.764431
0.828451
0.878836
0.901522
0.873705
0.800162
0.74297
0.729745
0.771428
0.830274
0.881771
0.913952
0.905519
0.847464
0.79018
0.768961
0
0
0
0
0
0
0
0
0
0
0
0
0
0
0
0
0
0
0
0
0
0
0
0
0
0
0
0
0
0
0
0
0
0
0
0
0
0
0
0
0
0
0
0
0
0
0
0
0
0
0
0
0
0
0
0
0
0
0
0
0
0
0
0
ZONE T="iter=500_ghosts", STRANDID=1, SOLUTIONTIME=500, I=13 J=13, DATAPACKING=BLOCK
VARLOCATION=([3-8]=CELLCENTERED)
1.37034
1.22683
1.03343
0.840031
0.696521
0.55655
0.368147
0.115451
-0.111459
-0.27166
-0.366766
-0.461872
-0.622073
1.34687
1.20813
1.01502
0.821905
0.683163
0.549155
0.369359
0.128487
-0.0877278
-0.240362
-0.330961
-0.42156
-0.574194
1.32564
1.19117
1
0.808828
0.674358
0.54532
0.372547
0.141224
-0.0664018
-0.212987
-0.3
-0.387013
-0.533598
1.30441
1.17422
0.984984
0.795752
0.665554
0.541485
0.375734
0.153962
-0.0450757
-0.185611
-0.269039
-0.352467
-0.493003
1.28095
1.15552
0.966571
0.777626
0.652196
0.53409
0.376946
0.166997
-0.021345
-0.154313
-0.233234
-0.312155
-0.445123
1.27713
1.15147
0.954479
0.757486
0.631824
0.515133
0.360635
0.154552
-0.030358
-0.161076
-0.238796
-0.316517
-0.447235
1.27772
1.15233
0.950588
0.748848
0.623456
0.508097
0.355852
0.152951
-0.0291863
-0.158115
-0.234899
-0.311683
-0.440612
1.2769
1.15307
0.950074
0.747078
0.623243
0.510097
0.361115
0.162684
-0.0154802
-0.141677
-0.216889
-0.292101
-0.418298
1.27622
1.15536
0.952598
0.749841
0.62898
0.51952
0.375831
0.184625
0.0129547
-0.10868
-0.181193
-0.253705
-0.37534
1.28055
1.16458
0.963305
0.762034
0.646058
0.542446
0.407099
0.227307
0.0659629
-0.0483361
-0.116453
-0.18457
-0.298869
1.30855
1.19965
1
0.800349
0.691447
0.596447
0.473469
0.31068
0.164786
0.0615006
0
-0.0615006
-0.164786
1.33655
1.23473
1.0367
0.838664
0.736837
0.650448
0.53984
0.394053
0.263609
0.171337
0.116453
0.0615692
-0.0307027
1.34089
1.24395
1.0474
0.850857
0.753915
0.673374
0.571108
0.436734
0.316617
0.231681
0.181193
0.130704
0.0457684
1.53177
1.47319
1.32437
1.17555
1.11697
1.08157
1.05693
1.0549
1.07831
1.10906
1.13376
1.15845
1.18921
1.37016
1.31833
1.18861
1.05888
1.00705
0.974973
0.951005
0.943709
0.955887
0.973869
0.988293
1.00272
1.0207
1.26302
1.21617
1.1
0.98383
0.936983
0.907591
0.884739
0.875002
0.880941
0.891568
0.9
0.908432
0.919059
1.15587
1.11401
1.01139
0.908782
0.866917
0.840209
0.818472
0.806295
0.805995
0.809268
0.811707
0.814147
0.81742
0.994268
0.959148
0.875629
0.792111
0.756991
0.733614
0.712549
0.695107
0.683574
0.674077
0.666243
0.658409
0.648912
0.832946
0.804232
0.73916
0.674088
0.645375
0.625039
0.604269
0.581053
0.557799
0.535142
0.516765
0.498388
0.475731
0.725756
0.701629
0.649378
0.597127
0.573
0.555005
0.534907
0.508648
0.478584
0.448122
0.423452
0.398782
0.368321
0.645066
0.624771
0.582812
0.540853
0.520558
0.504683
0.485598
0.457831
0.423504
0.387938
0.35909
0.330242
0.294676
0.543915
0.528689
0.500018
0.471347
0.456121
0.44316
0.425684
0.396454
0.357112
0.31532
0.281306
0.247291
0.205499
0.398045
0.390363
0.381177
0.371991
0.364309
0.35576
0.340862
0.309765
0.263228
0.212314
0.170659
0.129004
0.078091
0.175074
0.179085
0.2
0.220915
0.224926
0.223207
0.212245
0.178006
0.119794
0.0540791
0
-0.0540791
-0.119794
-0.0478959
-0.0321933
0.0188231
0.0698395
0.0855421
0.0906533
0.0836282
0.0462469
-0.0236398
-0.104156
-0.170659
-0.237163
-0.317679
-0.193766
-0.170519
-0.100018
-0.0295164
-0.00626981
0.00325397
-0.00119406
-0.040443
-0.117524
-0.207162
-0.281306
-0.355449
-0.445087
0.871997
0.923726
0.999406
1.05714
1.08715
1.09722
1.06947
1.00248
0.943323
0.912218
0.896483
0.888579
0.890004
0.94262
1.01709
1.07178
1.09921
1.10801
1.08218
1.01985
0.963411
0.93249
0.915827
0.904897
0.906348
0.959025
1.06926
1.13258
1.14143
1.10971
1.04799
0.978456
0.938772
0.936272
0.932015
0.91855
0.927153
0.979338
1.08612
1.14534
1.1505
1.11747
1.0572
0.989646
0.951556
0.953804
0.952699
0.937207
0.949972
1.00153
1.1075
1.16207
1.16264
1.12773
1.06783
1.00209
0.965997
0.971123
0.972463
0.956977
0.96629
1.01732
1.12142
1.17212
1.16877
1.1319
1.07161
1.00749
0.9733
0.97995
0.983926
0.969152
0.97664
1.02679
1.12895
1.17763
1.17278
1.13574
1.07596
1.01256
0.978398
0.984884
0.992586
0.977115
0.985855
1.03458
1.13461
1.1824
1.17791
1.14252
1.08493
1.02188
0.986309
0.992177
1.0035
0.9861
0.996028
1.04241
1.13768
1.18588
1.18406
1.15279
1.09954
1.0375
0.999342
1.00365
1.02117
1.00066
1.00401
1.04653
1.13589
1.18768
1.19282
1.17023
1.12546
1.0669
1.025
1.02503
1.05154
1.02709
1.00455
1.04302
1.1036
1.14466
1.16387
1.17564
1.1759
1.15707
1.12962
1.10679
1.08783
1.06146
0.999957
1.03673
1.09768
1.13994
1.16004
1.17403
1.17985
1.16938
1.14851
1.12873
1.1109
1.08515
282.314
271.142
271.881
284.482
298.408
311.432
313.627
296.199
279.72
274.222
274.354
280.2
282.524
272.649
274.919
288.057
301.549
313.883
316.319
300.446
284.283
277.902
276.888
280.913
282.966
274.197
273.918
287.067
305.592
321.838
321.184
295.891
273.079
266.052
279.295
281.655
284.431
276.721
278.826
292.631
310.922
325.739
324.249
299.694
276.707
268.766
283.075
283.771
287.704
280.4
283.639
298.391
316.136
329.303
326.886
303.292
281.034
273.131
287.515
287.622
291.284
283.683
287.109
302.596
320.07
332.112
328.624
305.101
283.351
275.812
290.459
290.689
293.846
285.942
289.45
305.047
322.229
333.829
330.458
307.746
286.142
278.315
292.414
292.119
296.2
288.029
291.353
306.529
323.304
334.928
332.84
312.058
290.604
281.916
294.665
293.107
299.344
290.685
293.031
307.079
323.261
335.454
336.223
319.205
298.477
288.387
298.624
294.954
304.22
294.319
294.141
305.749
320.831
334.258
340.314
330.673
312.918
301.118
306.615
300.157
308.983
297.779
296.012
305.309
314.155
323.6
332.532
334.276
329.048
322.919
317.383
309.56
310.527
299.103
295.704
303.6
311.483
320.344
330.066
334.886
332.983
328.737
324.132
316.88
-4.63978
1.44361
9.02038
14.6033
18.1845
21.423
24.2714
25.2854
24.4238
23.0287
21.5919
19.3078
-1.06309
4.50568
11.2807
16.2378
19.4607
22.427
25.1342
26.2846
25.7731
24.7381
23.6304
21.7777
1.59436
6.68351
22.8306
29.2799
33.5576
36.4519
36.408
33.9637
32.6426
29.6262
24.7539
23.1899
4.34639
8.8616
22.3927
26.4483
29.0557
31.1277
32.0264
31.2152
30.1585
27.7213
25.4485
24.1196
6.43259
10.4241
21.273
24.3466
26.192
27.6811
28.8853
28.8089
27.9977
26.5692
24.9106
23.5634
7.03057
10.7527
19.9969
22.7051
24.4136
25.7627
26.5511
26.1112
25.0452
23.6078
23.4619
21.9058
6.87933
10.4685
18.2811
20.9366
22.6646
23.9312
24.1176
23.3206
22.2196
20.6381
22.2661
20.585
6.3171
9.81126
15.904
18.6764
20.4556
21.6713
21.4339
20.4807
19.4562
17.9839
21.1256
19.3901
4.86577
8.32192
12.1289
15.0257
16.8785
18.1597
17.8575
16.9667
16.0668
14.9889
19.4205
17.6554
1.27302
4.8761
5.76646
8.35059
10.1217
11.6585
12.0935
11.9731
11.4561
10.9952
16.3871
14.6299
-4.45382
-0.475216
5.06899
9.08756
11.3098
13.2357
14.9415
15.543
14.7866
13.4753
12.1103
10.4875
-9.3455
-5.06536
1.07496
5.49658
7.81989
9.75668
11.4007
11.9058
11.0792
9.76657
8.48234
7.13127
93604.1
102001
105188
100181
94691.8
93262.7
101527
109151
104280
97774.9
93671.2
91663.6
95661.5
104076
106574
101240
96072.7
94904.4
102787
110797
107341
101422
97171.3
94094.9
98052.5
106104
112605
110782
108261
107882
112227
114789
110366
105676
100177
96332.1
101342
108744
115683
114166
112344
112220
115782
117540
113321
109167
103656
99273.9
104904
111632
118055
116086
114391
114367
117541
118952
114993
111174
105852
101338
107109
113478
119192
116748
115060
115093
118022
119135
115162
111295
106001
101404
108193
114341
119640
116917
115195
115177
117898
118952
115119
111255
106191
101338
108835
114786
119878
116986
115194
115052
117610
118813
115331
111656
106932
101752
108829
114709
119614
116659
114741
114342
116636
118268
115537
112262
108183
102891
106601
113003
118004
115128
112907
111941
113688
116176
114970
112422
109213
105004
101610
108933
110647
104898
100244
96748.7
96480.3
101158
105601
107116
107062
105701
97331
105071
108632
104123
99841.2
95947.5
93774
95874.8
99447.9
101564
102682
103657
0.728344
0.68962
0.708666
0.782053
0.856132
0.904935
0.862855
0.761415
0.713739
0.710395
0.719542
0.739063
0.72832
0.693574
0.718388
0.793376
0.863846
0.908736
0.870176
0.773327
0.722748
0.714987
0.721031
0.738457
0.727102
0.69691
0.715851
0.779773
0.843666
0.877954
0.834817
0.734904
0.677904
0.673427
0.722813
0.737542
0.727185
0.702206
0.724383
0.786541
0.844586
0.872697
0.832112
0.738933
0.681684
0.674984
0.728225
0.73955
0.731896
0.710315
0.736292
0.800552
0.854716
0.877028
0.835944
0.747333
0.691817
0.685469
0.739277
0.749503
0.73964
0.718381
0.746096
0.812603
0.864653
0.882884
0.839626
0.752602
0.698907
0.694223
0.750341
0.761663
0.746352
0.724676
0.752961
0.820142
0.871095
0.888242
0.845961
0.761019
0.707144
0.701771
0.757755
0.768524
0.7536
0.731242
0.758675
0.825141
0.875499
0.893881
0.856146
0.775127
0.71985
0.71169
0.764858
0.772858
0.765469
0.740898
0.764431
0.828451
0.878836
0.901522
0.873705
0.800162
0.74297
0.729745
0.777048
0.778789
0.789071
0.757085
0.771428
0.830274
0.881771
0.913952
0.905519
0.847464
0.79018
0.768961
0.80524
0.794331
0.821169
0.778749
0.790213
0.85275
0.905286
0.954161
0.982139
0.956509
0.910467
0.878037
0.855652
0.829548
0.841583
0.794165
0.794429
0.849133
0.897611
0.947498
0.990073
0.989082
0.956906
0.926618
0.901357
0.866732
1
1
1
1
1
1
1
1
1
1
1
1
1
1
1
1
1
1
1
1
1
1
1
1
1
1
0
0
0
0
0
0
0
0
1
1
1
1
0
0
0
0
0
0
0
0
1
1
1
1
0
0
0
0
0
0
0
0
1
1
1
1
0
0
0
0
0
0
0
0
1
1
1
1
0
0
0
0
0
0
0
0
1
1
1
1
0
0
0
0
0
0
0
0
1
1
1
1
0
0
0
0
0
0
0
0
1
1
1
1
0
0
0
0
0
0
0
0
1
1
1
1
1
1
1
1
1
1
1
1
1
1
1
1
1
1
1
1
1
1
1
1
1
1
ZONE T="iter=550_phys", STRANDID=1, SOLUTIONTIME=550, I=9 J=9, DATAPACKING=BLOCK
VARLOCATION=([3-8]=CELLCENTERED)
1
0.808828
0.674358
0.54532
0.372547
0.141224
-0.0664018
-0.212987
-0.3
0.984984
0.795752
0.665554
0.541485
0.375734
0.153962
-0.0450757
-0.185611
-0.269039
0.966571
0.777626
0.652196
0.53409
0.376946
0.166997
-0.021345
-0.154313
-0.233234
0.954479
0.757486
0.631824
0.515133
0.360635
0.154552
-0.030358
-0.161076
-0.238796
0.950588
0.748848
0.623456
0.508097
0.355852
0.152951
-0.0291863
-0.158115
-0.234899
0.950074
0.747078
0.623243
0.510097
0.361115
0.162684
-0.0154802
-0.141677
-0.216889
0.952598
0.749841
0.62898
0.51952
0.375831
0.184625
0.0129547
-0.10868
-0.181193
0.963305
0.762034
0.646058
0.542446
0.407099
0.227307
0.0659629
-0.0483361
-0.116453
1
0.800349
0.691447
0.596447
0.473469
0.31068
0.164786
0.0615006
0
1.1
0.98383
0.936983
0.907591
0.884739
0.875002
0.880941
0.891568
0.9
1.01139
0.908782
0.866917
0.840209
0.818472
0.806295
0.805995
0.809268
0.811707
0.875629
0.792111
0.756991
0.733614
0.712549
0.695107
0.683574
0.674077
0.666243
0.73916
0.674088
0.645375
0.625039
0.604269
0.581053
0.557799
0.535142
0.516765
0.649378
0.597127
0.573
0.555005
0.534907
0.508648
0.478584
0.448122
0.423452
0.582812
0.540853
0.520558
0.504683
0.485598
0.457831
0.423504
0.387938
0.35909
0.500018
0.471347
0.456121
0.44316
0.425684
0.396454
0.357112
0.31532
0.281306
0.381177
0.371991
0.364309
0.35576
0.340862
0.309765
0.263228
0.212314
0.170659
0.2
0.220915
0.224926
0.223207
0.212245
0.178006
0.119794
0.0540791
0
1.07346
1.1378
1.14459
1.10891
1.04383
0.97354
0.935765
0.936371
1.09005
1.14995
1.15255
1.11528
1.05163
0.983333
0.947448
0.953635
1.1114
1.16657
1.16446
1.12539
1.06212
0.995511
0.961647
0.970945
1.12518
1.17632
1.17015
1.12918
1.06557
1.00062
0.968695
0.979621
1.13252
1.18157
1.17387
1.13278
1.0697
1.00537
0.973386
0.984232
1.13806
1.18625
1.17899
1.13965
1.07876
1.01455
0.980916
0.991169
1.14089
1.18964
1.18532
1.1503
1.09373
1.03008
0.993399
1.00206
1.13899
1.19174
1.19504
1.16918
1.121
1.06003
1.01859
1.02258
273.824
286.98
305.791
322.223
321.209
295.015
271.839
265.388
278.708
292.627
311.265
326.217
324.249
298.666
275.278
267.996
283.547
298.471
316.542
329.77
326.845
302.25
279.616
272.39
287.026
302.707
320.503
332.572
328.565
304.058
281.939
275.094
289.386
305.189
322.696
334.314
330.433
306.759
284.76
277.618
291.305
306.692
323.796
335.45
332.891
311.191
289.304
281.258
292.975
307.223
323.748
336.023
336.42
318.57
297.359
287.83
294.076
305.833
321.253
334.852
340.731
330.456
312.181
300.757
23.4149
30.1115
34.5177
37.3519
36.9953
34.179
32.8108
29.7864
23.162
27.3053
29.958
31.9749
32.6721
31.6201
30.4875
27.9283
21.8895
24.9433
26.7668
28.1876
29.2565
29.0243
28.1228
26.6073
20.4445
23.1005
24.7616
26.0261
26.6737
26.103
24.9903
23.5521
18.5737
21.1668
22.8375
24.0124
24.0491
23.1286
22.0314
20.5474
16.0171
18.7268
20.4478
21.5732
21.1837
20.1192
19.1474
17.8761
12.0161
14.8417
16.632
17.8281
17.3831
16.4117
15.621
14.8607
5.52637
7.97757
9.65866
11.121
11.4505
11.2931
10.9207
10.8776
112580
110968
108482
107948
111982
114224
109825
105475
115574
114374
112630
112345
115541
116885
112656
108918
117979
116366
114740
114533
117307
118275
114300
110922
119116
117034
115393
115220
117727
118403
114431
111020
119538
117177
115493
115267
117568
118182
114341
110937
119748
117215
115464
115131
117297
118052
114524
111294
119430
116824
114965
114417
116377
117561
114715
111846
117763
115199
113062
112019
113539
115628
114209
111957
0.717219
0.780908
0.844806
0.878681
0.834307
0.732782
0.675493
0.672489
0.725894
0.787606
0.845417
0.872839
0.830945
0.736229
0.678821
0.673831
0.737707
0.801477
0.855302
0.87683
0.834521
0.744513
0.688918
0.684349
0.747453
0.813439
0.865149
0.882603
0.83818
0.749791
0.696004
0.693157
0.754353
0.821025
0.871662
0.888033
0.844602
0.758317
0.704292
0.700778
0.760128
0.826119
0.876198
0.893818
0.85494
0.772624
0.717144
0.710811
0.765942
0.829542
0.879732
0.901728
0.872808
0.798032
0.740571
0.729097
0.773087
0.831639
0.883103
0.914794
0.905363
0.846117
0.78842
0.768705
0
0
0
0
0
0
0
0
0
0
0
0
0
0
0
0
0
0
0
0
0
0
0
0
0
0
0
0
0
0
0
0
0
0
0
0
0
0
0
0
0
0
0
0
0
0
0
0
0
0
0
0
0
0
0
0
0
0
0
0
0
0
0
0
ZONE T="iter=550_ghosts", STRANDID=1, SOLUTIONTIME=550, I=13 J=13, DATAPACKING=BLOCK
VARLOCATION=([3-8]=CELLCENTERED)
1.37034
1.22683
1.03343
0.840031
0.696521
0.55655
0.368147
0.115451
-0.111459
-0.27166
-0.366766
-0.461872
-0.622073
1.34687
1.20813
1.01502
0.821905
0.683163
0.549155
0.369359
0.128487
-0.0877278
-0.240362
-0.330961
-0.42156
-0.574194
1.32564
1.19117
1
0.808828
0.674358
0.54532
0.372547
0.141224
-0.0664018
-0.212987
-0.3
-0.387013
-0.533598
1.30441
1.17422
0.984984
0.795752
0.665554
0.541485
0.375734
0.153962
-0.0450757
-0.185611
-0.269039
-0.352467
-0.493003
1.28095
1.15552
0.966571
0.777626
0.652196
0.53409
0.376946
0.166997
-0.021345
-0.154313
-0.233234
-0.312155
-0.445123
1.27713
1.15147
0.954479
0.757486
0.631824
0.515133
0.360635
0.154552
-0.030358
-0.161076
-0.238796
-0.316517
-0.447235
1.27772
1.15233
0.950588
0.748848
0.623456
0.508097
0.355852
0.152951
-0.0291863
-0.158115
-0.234899
-0.311683
-0.440612
1.2769
1.15307
0.950074
0.747078
0.623243
0.510097
0.361115
0.162684
-0.0154802
-0.141677
-0.216889
-0.292101
-0.418298
1.27622
1.15536
0.952598
0.749841
0.62898
0.51952
0.375831
0.184625
0.0129547
-0.10868
-0.181193
-0.253705
-0.37534
1.28055
1.16458
0.963305
0.762034
0.646058
0.542446
0.407099
0.227307
0.0659629
-0.0483361
-0.116453
-0.18457
-0.298869
1.30855
1.19965
1
0.800349
0.691447
0.596447
0.473469
0.31068
0.164786
0.0615006
0
-0.0615006
-0.164786
1.33655
1.23473
1.0367
0.838664
0.736837
0.650448
0.53984
0.394053
0.263609
0.171337
0.116453
0.0615692
-0.0307027
1.34089
1.24395
1.0474
0.850857
0.753915
0.673374
0.571108
0.436734
0.316617
0.231681
0.181193
0.130704
0.0457684
1.53177
1.47319
1.32437
1.17555
1.11697
1.08157
1.05693
1.0549
1.07831
1.10906
1.13376
1.15845
1.18921
1.37016
1.31833
1.18861
1.05888
1.00705
0.974973
0.951005
0.943709
0.955887
0.973869
0.988293
1.00272
1.0207
1.26302
1.21617
1.1
0.98383
0.936983
0.907591
0.884739
0.875002
0.880941
0.891568
0.9
0.908432
0.919059
1.15587
1.11401
1.01139
0.908782
0.866917
0.840209
0.818472
0.806295
0.805995
0.809268
0.811707
0.814147
0.81742
0.994268
0.959148
0.875629
0.792111
0.756991
0.733614
0.712549
0.695107
0.683574
0.674077
0.666243
0.658409
0.648912
0.832946
0.804232
0.73916
0.674088
0.645375
0.625039
0.604269
0.581053
0.557799
0.535142
0.516765
0.498388
0.475731
0.725756
0.701629
0.649378
0.597127
0.573
0.555005
0.534907
0.508648
0.478584
0.448122
0.423452
0.398782
0.368321
0.645066
0.624771
0.582812
0.540853
0.520558
0.504683
0.485598
0.457831
0.423504
0.387938
0.35909
0.330242
0.294676
0.543915
0.528689
0.500018
0.471347
0.456121
0.44316
0.425684
0.396454
0.357112
0.31532
0.281306
0.247291
0.205499
0.398045
0.390363
0.381177
0.371991
0.364309
0.35576
0.340862
0.309765
0.263228
0.212314
0.170659
0.129004
0.078091
0.175074
0.179085
0.2
0.220915
0.224926
0.223207
0.212245
0.178006
0.119794
0.0540791
0
-0.0540791
-0.119794
-0.0478959
-0.0321933
0.0188231
0.0698395
0.0855421
0.0906533
0.0836282
0.0462469
-0.0236398
-0.104156
-0.170659
-0.237163
-0.317679
-0.193766
-0.170519
-0.100018
-0.0295164
-0.00626981
0.00325397
-0.00119406
-0.040443
-0.117524
-0.207162
-0.281306
-0.355449
-0.445087
0.871997
0.923726
0.999406
1.05714
1.08715
1.09722
1.06947
1.00248
0.943323
0.912218
0.896483
0.888579
0.890004
0.94262
1.01709
1.07178
1.09921
1.10801
1.08218
1.01985
0.963411
0.93249
0.915827
0.904897
0.906348
0.959025
1.07346
1.1378
1.14459
1.10891
1.04383
0.97354
0.935765
0.936371
0.932015
0.91855
0.927153
0.979338
1.09005
1.14995
1.15255
1.11528
1.05163
0.983333
0.947448
0.953635
0.952699
0.937207
0.949972
1.00153
1.1114
1.16657
1.16446
1.12539
1.06212
0.995511
0.961647
0.970945
0.972463
0.956977
0.96629
1.01732
1.12518
1.17632
1.17015
1.12918
1.06557
1.00062
0.968695
0.979621
0.983926
0.969152
0.97664
1.02679
1.13252
1.18157
1.17387
1.13278
1.0697
1.00537
0.973386
0.984232
0.992586
0.977115
0.985855
1.03458
1.13806
1.18625
1.17899
1.13965
1.07876
1.01455
0.980916
0.991169
1.0035
0.9861
0.996028
1.04241
1.14089
1.18964
1.18532
1.1503
1.09373
1.03008
0.993399
1.00206
1.02117
1.00066
1.00401
1.04653
1.13899
1.19174
1.19504
1.16918
1.121
1.06003
1.01859
1.02258
1.05154
1.02709
1.00455
1.04302
1.1036
1.14466
1.16387
1.17564
1.1759
1.15707
1.12962
1.10679
1.08783
1.06146
0.999957
1.03673
1.09768
1.13994
1.16004
1.17403
1.17985
1.16938
1.14851
1.12873
1.1109
1.08515
282.314
271.142
271.881
284.482
298.408
311.432
313.627
296.199
279.72
274.222
274.354
280.2
282.524
272.649
274.919
288.057
301.549
313.883
316.319
300.446
284.283
277.902
276.888
280.913
282.966
274.197
273.824
286.98
305.791
322.223
321.209
295.015
271.839
265.388
279.295
281.655
284.431
276.721
278.708
292.627
311.265
326.217
324.249
298.666
275.278
267.996
283.075
283.771
287.704
280.4
283.547
298.471
316.542
329.77
326.845
302.25
279.616
272.39
287.515
287.622
291.284
283.683
287.026
302.707
320.503
332.572
328.565
304.058
281.939
275.094
290.459
290.689
293.846
285.942
289.386
305.189
322.696
334.314
330.433
306.759
284.76
277.618
292.414
292.119
296.2
288.029
291.305
306.692
323.796
335.45
332.891
311.191
289.304
281.258
294.665
293.107
299.344
290.685
292.975
307.223
323.748
336.023
336.42
318.57
297.359
287.83
298.624
294.954
304.22
294.319
294.076
305.833
321.253
334.852
340.731
330.456
312.181
300.757
306.615
300.157
308.983
297.779
296.012
305.309
314.155
323.6
332.532
334.276
329.048
322.919
317.383
309.56
310.527
299.103
295.704
303.6
311.483
320.344
330.066
334.886
332.983
328.737
324.132
316.88
-4.63978
1.44361
9.02038
14.6033
18.1845
21.423
24.2714
25.2854
24.4238
23.0287
21.5919
19.3078
-1.06309
4.50568
11.2807
16.2378
19.4607
22.427
25.1342
26.2846
25.7731
24.7381
23.6304
21.7777
1.59436
6.68351
23.4149
30.1115
34.5177
37.3519
36.9953
34.179
32.8108
29.7864
24.7539
23.1899
4.34639
8.8616
23.162
27.3053
29.958
31.9749
32.6721
31.6201
30.4875
27.9283
25.4485
24.1196
6.43259
10.4241
21.8895
24.9433
26.7668
28.1876
29.2565
29.0243
28.1228
26.6073
24.9106
23.5634
7.03057
10.7527
20.4445
23.1005
24.7616
26.0261
26.6737
26.103
24.9903
23.5521
23.4619
21.9058
6.87933
10.4685
18.5737
21.1668
22.8375
24.0124
24.0491
23.1286
22.0314
20.5474
22.2661
20.585
6.3171
9.81126
16.0171
18.7268
20.4478
21.5732
21.1837
20.1192
19.1474
17.8761
21.1256
19.3901
4.86577
8.32192
12.0161
14.8417
16.632
17.8281
17.3831
16.4117
15.621
14.8607
19.4205
17.6554
1.27302
4.8761
5.52637
7.97757
9.65866
11.121
11.4505
11.2931
10.9207
10.8776
16.3871
14.6299
-4.45382
-0.475216
5.06899
9.08756
11.3098
13.2357
14.9415
15.543
14.7866
13.4753
12.1103
10.4875
-9.3455
-5.06536
1.07496
5.49658
7.81989
9.75668
11.4007
11.9058
11.0792
9.76657
8.48234
7.13127
93604.1
102001
105188
100181
94691.8
93262.7
101527
109151
104280
97774.9
93671.2
91663.6
95661.5
104076
106574
101240
96072.7
94904.4
102787
110797
107341
101422
97171.3
94094.9
98052.5
106104
112580
110968
108482
107948
111982
114224
109825
105475
100177
96332.1
101342
108744
115574
114374
112630
112345
115541
116885
112656
108918
103656
99273.9
104904
111632
117979
116366
114740
114533
117307
118275
114300
110922
105852
101338
107109
113478
119116
117034
115393
115220
117727
118403
114431
111020
106001
101404
108193
114341
119538
117177
115493
115267
117568
118182
114341
110937
106191
101338
108835
114786
119748
117215
115464
115131
117297
118052
114524
111294
106932
101752
108829
114709
119430
116824
114965
114417
116377
117561
114715
111846
108183
102891
106601
113003
117763
115199
113062
112019
113539
115628
114209
111957
109213
105004
101610
108933
110647
104898
100244
96748.7
96480.3
101158
105601
107116
107062
105701
97331
105071
108632
104123
99841.2
95947.5
93774
95874.8
99447.9
101564
102682
103657
0.728344
0.68962
0.708666
0.782053
0.856132
0.904935
0.862855
0.761415
0.713739
0.710395
0.719542
0.739063
0.72832
0.693574
0.718388
0.793376
0.863846
0.908736
0.870176
0.773327
0.722748
0.714987
0.721031
0.738457
0.727102
0.69691
0.717219
0.780908
0.844806
0.878681
0.834307
0.732782
0.675493
0.672489
0.722813
0.737542
0.727185
0.702206
0.725894
0.787606
0.845417
0.872839
0.830945
0.736229
0.678821
0.673831
0.728225
0.73955
0.731896
0.710315
0.737707
0.801477
0.855302
0.87683
0.834521
0.744513
0.688918
0.684349
0.739277
0.749503
0.73964
0.718381
0.747453
0.813439
0.865149
0.882603
0.83818
0.749791
0.696004
0.693157
0.750341
0.761663
0.746352
0.724676
0.754353
0.821025
0.871662
0.888033
0.844602
0.758317
0.704292
0.700778
0.757755
0.768524
0.7536
0.731242
0.760128
0.826119
0.876198
0.893818
0.85494
0.772624
0.717144
0.710811
0.764858
0.772858
0.765469
0.740898
0.765942
0.829542
0.879732
0.901728
0.872808
0.798032
0.740571
0.729097
0.777048
0.778789
0.789071
0.757085
0.773087
0.831639
0.883103
0.914794
0.905363
0.846117
0.78842
0.768705
0.80524
0.794331
0.821169
0.778749
0.790213
0.85275
0.905286
0.954161
0.982139
0.956509
0.910467
0.878037
0.855652
0.829548
0.841583
0.794165
0.794429
0.849133
0.897611
0.947498
0.990073
0.989082
0.956906
0.926618
0.901357
0.866732
1
1
1
1
1
1
1
1
1
1
1
1
1
1
1
1
1
1
1
1
1
1
1
1
1
1
0
0
0
0
0
0
0
0
1
1
1
1
0
0
0
0
0
0
0
0
1
1
1
1
0
0
0
0
0
0
0
0
1
1
1
1
0
0
0
0
0
0
0
0
1
1
1
1
0
0
0
0
0
0
0
0
1
1
1
1
0
0
0
0
0
0
0
0
1
1
1
1
0
0
0
0
0
0
0
0
1
1
1
1
0
0
0
0
0
0
0
0
1
1
1
1
1
1
1
1
1
1
1
1
1
1
1
1
1
1
1
1
1
1
1
1
1
1
ZONE T="iter=600_phys", STRANDID=1, SOLUTIONTIME=600, I=9 J=9, DATAPACKING=BLOCK
VARLOCATION=([3-8]=CELLCENTERED)
1
0.808828
0.674358
0.54532
0.372547
0.141224
-0.0664018
-0.212987
-0.3
0.984984
0.795752
0.665554
0.541485
0.375734
0.153962
-0.0450757
-0.185611
-0.269039
0.966571
0.777626
0.652196
0.53409
0.376946
0.166997
-0.021345
-0.154313
-0.233234
0.954479
0.757486
0.631824
0.515133
0.360635
0.154552
-0.030358
-0.161076
-0.238796
0.950588
0.748848
0.623456
0.508097
0.355852
0.152951
-0.0291863
-0.158115
-0.234899
0.950074
0.747078
0.623243
0.510097
0.361115
0.162684
-0.0154802
-0.141677
-0.216889
0.952598
0.749841
0.62898
0.51952
0.375831
0.184625
0.0129547
-0.10868
-0.181193
0.963305
0.762034
0.646058
0.542446
0.407099
0.227307
0.0659629
-0.0483361
-0.116453
1
0.800349
0.691447
0.596447
0.473469
0.31068
0.164786
0.0615006
0
1.1
0.98383
0.936983
0.907591
0.884739
0.875002
0.880941
0.891568
0.9
1.01139
0.908782
0.866917
0.840209
0.818472
0.806295
0.805995
0.809268
0.811707
0.875629
0.792111
0.756991
0.733614
0.712549
0.695107
0.683574
0.674077
0.666243
0.73916
0.674088
0.645375
0.625039
0.604269
0.581053
0.557799
0.535142
0.516765
0.649378
0.597127
0.573
0.555005
0.534907
0.508648
0.478584
0.448122
0.423452
0.582812
0.540853
0.520558
0.504683
0.485598
0.457831
0.423504
0.387938
0.35909
0.500018
0.471347
0.456121
0.44316
0.425684
0.396454
0.357112
0.31532
0.281306
0.381177
0.371991
0.364309
0.35576
0.340862
0.309765
0.263228
0.212314
0.170659
0.2
0.220915
0.224926
0.223207
0.212245
0.178006
0.119794
0.0540791
0
1.07767
1.14299
1.14768
1.10807
1.03972
0.968746
0.932971
0.936591
1.09405
1.15451
1.15443
1.11292
1.04597
0.977062
0.94354
0.953601
1.11532
1.17098
1.16605
1.12283
1.05629
0.988943
0.957492
0.970904
1.12895
1.18041
1.1713
1.12623
1.0594
0.993742
0.964287
0.979439
1.13608
1.18539
1.17472
1.12959
1.0633
0.998172
0.968576
0.983746
1.14149
1.18997
1.17982
1.13654
1.07244
1.0072
0.975726
0.990339
1.14411
1.19331
1.18636
1.14761
1.08778
1.02266
0.987669
1.00067
1.14213
1.19575
1.19711
1.16796
1.11643
1.05316
1.0124
1.02036
273.752
286.917
305.978
322.568
321.197
294.144
270.671
264.797
278.619
292.65
311.591
326.647
324.202
297.629
273.924
267.313
283.478
298.57
316.923
330.183
326.754
301.199
278.28
271.736
286.968
302.837
320.91
332.979
328.457
303.009
280.612
274.465
289.345
305.351
323.137
334.746
330.359
305.763
283.46
277.013
291.279
306.874
324.264
335.922
332.894
310.31
288.079
280.693
292.94
307.39
324.217
336.546
336.566
317.913
296.306
287.36
294.031
305.945
321.667
335.408
341.094
330.199
311.48
300.467
23.968
30.9131
35.4363
38.1927
37.5165
34.3342
32.939
29.9258
23.9079
28.1518
30.8533
32.8098
33.2983
32.0039
30.8058
28.1251
22.5015
25.5439
27.3497
28.7008
29.6273
29.2325
28.2401
26.6434
20.8867
23.4936
25.1074
26.2855
26.7896
26.0874
24.9334
23.5002
18.8568
21.3872
22.9978
24.0796
23.9698
22.9335
21.8551
20.4682
16.1206
18.7643
20.4226
21.457
20.9233
19.7617
18.8662
17.7906
11.9026
14.6502
16.3719
17.4825
16.9039
15.8688
15.2177
14.7672
5.30527
7.61494
9.19993
10.5882
10.8197
10.6394
10.4419
10.8061
112584
111176
108712
108011
111737
113676
109324
105313
115484
114590
112905
112440
115272
116227
112022
108710
117914
116648
115070
114662
117038
117589
113638
110711
119048
117320
115704
115310
117399
117662
113732
110787
119444
117435
115768
115318
117205
117403
113595
110664
119625
117441
115711
115173
116948
117281
113749
110980
119256
116991
115171
114460
116084
116843
113925
111479
117544
115284
113217
112080
113366
115067
113475
111540
0.718548
0.782014
0.845845
0.879286
0.833701
0.730641
0.673202
0.671643
0.727438
0.788695
0.846187
0.872899
0.829713
0.733523
0.676118
0.672814
0.739156
0.80242
0.855816
0.876544
0.833033
0.741699
0.686196
0.683366
0.748846
0.814289
0.865571
0.882231
0.836667
0.746987
0.693285
0.692233
0.755779
0.82192
0.872154
0.887735
0.843175
0.755617
0.701622
0.699933
0.761613
0.827111
0.876826
0.893668
0.853665
0.770116
0.714608
0.710081
0.76748
0.830651
0.880564
0.901853
0.871841
0.795881
0.73832
0.728589
0.774745
0.83301
0.884365
0.915538
0.905113
0.844713
0.78675
0.768555
0
0
0
0
0
0
0
0
0
0
0
0
0
0
0
0
0
0
0
0
0
0
0
0
0
0
0
0
0
0
0
0
0
0
0
0
0
0
0
0
0
0
0
0
0
0
0
0
0
0
0
0
0
0
0
0
0
0
0
0
0
0
0
0
ZONE T="iter=600_ghosts", STRANDID=1, SOLUTIONTIME=600, I=13 J=13, DATAPACKING=BLOCK
VARLOCATION=([3-8]=CELLCENTERED)
1.37034
1.22683
1.03343
0.840031
0.696521
0.55655
0.368147
0.115451
-0.111459
-0.27166
-0.366766
-0.461872
-0.622073
1.34687
1.20813
1.01502
0.821905
0.683163
0.549155
0.369359
0.128487
-0.0877278
-0.240362
-0.330961
-0.42156
-0.574194
1.32564
1.19117
1
0.808828
0.674358
0.54532
0.372547
0.141224
-0.0664018
-0.212987
-0.3
-0.387013
-0.533598
1.30441
1.17422
0.984984
0.795752
0.665554
0.541485
0.375734
0.153962
-0.0450757
-0.185611
-0.269039
-0.352467
-0.493003
1.28095
1.15552
0.966571
0.777626
0.652196
0.53409
0.376946
0.166997
-0.021345
-0.154313
-0.233234
-0.312155
-0.445123
1.27713
1.15147
0.954479
0.757486
0.631824
0.515133
0.360635
0.154552
-0.030358
-0.161076
-0.238796
-0.316517
-0.447235
1.27772
1.15233
0.950588
0.748848
0.623456
0.508097
0.355852
0.152951
-0.0291863
-0.158115
-0.234899
-0.311683
-0.440612
1.2769
1.15307
0.950074
0.747078
0.623243
0.510097
0.361115
0.162684
-0.0154802
-0.141677
-0.216889
-0.292101
-0.418298
1.27622
1.15536
0.952598
0.749841
0.62898
0.51952
0.375831
0.184625
0.0129547
-0.10868
-0.181193
-0.253705
-0.37534
1.28055
1.16458
0.963305
0.762034
0.646058
0.542446
0.407099
0.227307
0.0659629
-0.0483361
-0.116453
-0.18457
-0.298869
1.30855
1.19965
1
0.800349
0.691447
0.596447
0.473469
0.31068
0.164786
0.0615006
0
-0.0615006
-0.164786
1.33655
1.23473
1.0367
0.838664
0.736837
0.650448
0.53984
0.394053
0.263609
0.171337
0.116453
0.0615692
-0.0307027
1.34089
1.24395
1.0474
0.850857
0.753915
0.673374
0.571108
0.436734
0.316617
0.231681
0.181193
0.130704
0.0457684
1.53177
1.47319
1.32437
1.17555
1.11697
1.08157
1.05693
1.0549
1.07831
1.10906
1.13376
1.15845
1.18921
1.37016
1.31833
1.18861
1.05888
1.00705
0.974973
0.951005
0.943709
0.955887
0.973869
0.988293
1.00272
1.0207
1.26302
1.21617
1.1
0.98383
0.936983
0.907591
0.884739
0.875002
0.880941
0.891568
0.9
0.908432
0.919059
1.15587
1.11401
1.01139
0.908782
0.866917
0.840209
0.818472
0.806295
0.805995
0.809268
0.811707
0.814147
0.81742
0.994268
0.959148
0.875629
0.792111
0.756991
0.733614
0.712549
0.695107
0.683574
0.674077
0.666243
0.658409
0.648912
0.832946
0.804232
0.73916
0.674088
0.645375
0.625039
0.604269
0.581053
0.557799
0.535142
0.516765
0.498388
0.475731
0.725756
0.701629
0.649378
0.597127
0.573
0.555005
0.534907
0.508648
0.478584
0.448122
0.423452
0.398782
0.368321
0.645066
0.624771
0.582812
0.540853
0.520558
0.504683
0.485598
0.457831
0.423504
0.387938
0.35909
0.330242
0.294676
0.543915
0.528689
0.500018
0.471347
0.456121
0.44316
0.425684
0.396454
0.357112
0.31532
0.281306
0.247291
0.205499
0.398045
0.390363
0.381177
0.371991
0.364309
0.35576
0.340862
0.309765
0.263228
0.212314
0.170659
0.129004
0.078091
0.175074
0.179085
0.2
0.220915
0.224926
0.223207
0.212245
0.178006
0.119794
0.0540791
0
-0.0540791
-0.119794
-0.0478959
-0.0321933
0.0188231
0.0698395
0.0855421
0.0906533
0.0836282
0.0462469
-0.0236398
-0.104156
-0.170659
-0.237163
-0.317679
-0.193766
-0.170519
-0.100018
-0.0295164
-0.00626981
0.00325397
-0.00119406
-0.040443
-0.117524
-0.207162
-0.281306
-0.355449
-0.445087
0.871997
0.923726
0.999406
1.05714
1.08715
1.09722
1.06947
1.00248
0.943323
0.912218
0.896483
0.888579
0.890004
0.94262
1.01709
1.07178
1.09921
1.10801
1.08218
1.01985
0.963411
0.93249
0.915827
0.904897
0.906348
0.959025
1.07767
1.14299
1.14768
1.10807
1.03972
0.968746
0.932971
0.936591
0.932015
0.91855
0.927153
0.979338
1.09405
1.15451
1.15443
1.11292
1.04597
0.977062
0.94354
0.953601
0.952699
0.937207
0.949972
1.00153
1.11532
1.17098
1.16605
1.12283
1.05629
0.988943
0.957492
0.970904
0.972463
0.956977
0.96629
1.01732
1.12895
1.18041
1.1713
1.12623
1.0594
0.993742
0.964287
0.979439
0.983926
0.969152
0.97664
1.02679
1.13608
1.18539
1.17472
1.12959
1.0633
0.998172
0.968576
0.983746
0.992586
0.977115
0.985855
1.03458
1.14149
1.18997
1.17982
1.13654
1.07244
1.0072
0.975726
0.990339
1.0035
0.9861
0.996028
1.04241
1.14411
1.19331
1.18636
1.14761
1.08778
1.02266
0.987669
1.00067
1.02117
1.00066
1.00401
1.04653
1.14213
1.19575
1.19711
1.16796
1.11643
1.05316
1.0124
1.02036
1.05154
1.02709
1.00455
1.04302
1.1036
1.14466
1.16387
1.17564
1.1759
1.15707
1.12962
1.10679
1.08783
1.06146
0.999957
1.03673
1.09768
1.13994
1.16004
1.17403
1.17985
1.16938
1.14851
1.12873
1.1109
1.08515
282.314
271.142
271.881
284.482
298.408
311.432
313.627
296.199
279.72
274.222
274.354
280.2
282.524
272.649
274.919
288.057
301.549
313.883
316.319
300.446
284.283
277.902
276.888
280.913
282.966
274.197
273.752
286.917
305.978
322.568
321.197
294.144
270.671
264.797
279.295
281.655
284.431
276.721
278.619
292.65
311.591
326.647
324.202
297.629
273.924
267.313
283.075
283.771
287.704
280.4
283.478
298.57
316.923
330.183
326.754
301.199
278.28
271.736
287.515
287.622
291.284
283.683
286.968
302.837
320.91
332.979
328.457
303.009
280.612
274.465
290.459
290.689
293.846
285.942
289.345
305.351
323.137
334.746
330.359
305.763
283.46
277.013
292.414
292.119
296.2
288.029
291.279
306.874
324.264
335.922
332.894
310.31
288.079
280.693
294.665
293.107
299.344
290.685
292.94
307.39
324.217
336.546
336.566
317.913
296.306
287.36
298.624
294.954
304.22
294.319
294.031
305.945
321.667
335.408
341.094
330.199
311.48
300.467
306.615
300.157
308.983
297.779
296.012
305.309
314.155
323.6
332.532
334.276
329.048
322.919
317.383
309.56
310.527
299.103
295.704
303.6
311.483
320.344
330.066
334.886
332.983
328.737
324.132
316.88
-4.63978
1.44361
9.02038
14.6033
18.1845
21.423
24.2714
25.2854
24.4238
23.0287
21.5919
19.3078
-1.06309
4.50568
11.2807
16.2378
19.4607
22.427
25.1342
26.2846
25.7731
24.7381
23.6304
21.7777
1.59436
6.68351
23.968
30.9131
35.4363
38.1927
37.5165
34.3342
32.939
29.9258
24.7539
23.1899
4.34639
8.8616
23.9079
28.1518
30.8533
32.8098
33.2983
32.0039
30.8058
28.1251
25.4485
24.1196
6.43259
10.4241
22.5015
25.5439
27.3497
28.7008
29.6273
29.2325
28.2401
26.6434
24.9106
23.5634
7.03057
10.7527
20.8867
23.4936
25.1074
26.2855
26.7896
26.0874
24.9334
23.5002
23.4619
21.9058
6.87933
10.4685
18.8568
21.3872
22.9978
24.0796
23.9698
22.9335
21.8551
20.4682
22.2661
20.585
6.3171
9.81126
16.1206
18.7643
20.4226
21.457
20.9233
19.7617
18.8662
17.7906
21.1256
19.3901
4.86577
8.32192
11.9026
14.6502
16.3719
17.4825
16.9039
15.8688
15.2177
14.7672
19.4205
17.6554
1.27302
4.8761
5.30527
7.61494
9.19993
10.5882
10.8197
10.6394
10.4419
10.8061
16.3871
14.6299
-4.45382
-0.475216
5.06899
9.08756
11.3098
13.2357
14.9415
15.543
14.7866
13.4753
12.1103
10.4875
-9.3455
-5.06536
1.07496
5.49658
7.81989
9.75668
11.4007
11.9058
11.0792
9.76657
8.48234
7.13127
93604.1
102001
105188
100181
94691.8
93262.7
101527
109151
104280
97774.9
93671.2
91663.6
95661.5
104076
106574
101240
96072.7
94904.4
102787
110797
107341
101422
97171.3
94094.9
98052.5
106104
112584
111176
108712
108011
111737
113676
109324
105313
100177
96332.1
101342
108744
115484
114590
112905
112440
115272
116227
112022
108710
103656
99273.9
104904
111632
117914
116648
115070
114662
117038
117589
113638
110711
105852
101338
107109
113478
119048
117320
115704
115310
117399
117662
113732
110787
106001
101404
108193
114341
119444
117435
115768
115318
117205
117403
113595
110664
106191
101338
108835
114786
119625
117441
115711
115173
116948
117281
113749
110980
106932
101752
108829
114709
119256
116991
115171
114460
116084
116843
113925
111479
108183
102891
106601
113003
117544
115284
113217
112080
113366
115067
113475
111540
109213
105004
101610
108933
110647
104898
100244
96748.7
96480.3
101158
105601
107116
107062
105701
97331
105071
108632
104123
99841.2
95947.5
93774
95874.8
99447.9
101564
102682
103657
0.728344
0.68962
0.708666
0.782053
0.856132
0.904935
0.862855
0.761415
0.713739
0.710395
0.719542
0.739063
0.72832
0.693574
0.718388
0.793376
0.863846
0.908736
0.870176
0.773327
0.722748
0.714987
0.721031
0.738457
0.727102
0.69691
0.718548
0.782014
0.845845
0.879286
0.833701
0.730641
0.673202
0.671643
0.722813
0.737542
0.727185
0.702206
0.727438
0.788695
0.846187
0.872899
0.829713
0.733523
0.676118
0.672814
0.728225
0.73955
0.731896
0.710315
0.739156
0.80242
0.855816
0.876544
0.833033
0.741699
0.686196
0.683366
0.739277
0.749503
0.73964
0.718381
0.748846
0.814289
0.865571
0.882231
0.836667
0.746987
0.693285
0.692233
0.750341
0.761663
0.746352
0.724676
0.755779
0.82192
0.872154
0.887735
0.843175
0.755617
0.701622
0.699933
0.757755
0.768524
0.7536
0.731242
0.761613
0.827111
0.876826
0.893668
0.853665
0.770116
0.714608
0.710081
0.764858
0.772858
0.765469
0.740898
0.76748
0.830651
0.880564
0.901853
0.871841
0.795881
0.73832
0.728589
0.777048
0.778789
0.789071
0.757085
0.774745
0.83301
0.884365
0.915538
0.905113
0.844713
0.78675
0.768555
0.80524
0.794331
0.821169
0.778749
0.790213
0.85275
0.905286
0.954161
0.982139
0.956509
0.910467
0.878037
0.855652
0.829548
0.841583
0.794165
0.794429
0.849133
0.897611
0.947498
0.990073
0.989082
0.956906
0.926618
0.901357
0.866732
1
1
1
1
1
1
1
1
1
1
1
1
1
1
1
1
1
1
1
1
1
1
1
1
1
1
0
0
0
0
0
0
0
0
1
1
1
1
0
0
0
0
0
0
0
0
1
1
1
1
0
0
0
0
0
0
0
0
1
1
1
1
0
0
0
0
0
0
0
0
1
1
1
1
0
0
0
0
0
0
0
0
1
1
1
1
0
0
0
0
0
0
0
0
1
1
1
1
0
0
0
0
0
0
0
0
1
1
1
1
0
0
0
0
0
0
0
0
1
1
1
1
1
1
1
1
1
1
1
1
1
1
1
1
1
1
1
1
1
1
1
1
1
1
ZONE T="iter=650_phys", STRANDID=1, SOLUTIONTIME=650, I=9 J=9, DATAPACKING=BLOCK
VARLOCATION=([3-8]=CELLCENTERED)
1
0.808828
0.674358
0.54532
0.372547
0.141224
-0.0664018
-0.212987
-0.3
0.984984
0.795752
0.665554
0.541485
0.375734
0.153962
-0.0450757
-0.185611
-0.269039
0.966571
0.777626
0.652196
0.53409
0.376946
0.166997
-0.021345
-0.154313
-0.233234
0.954479
0.757486
0.631824
0.515133
0.360635
0.154552
-0.030358
-0.161076
-0.238796
0.950588
0.748848
0.623456
0.508097
0.355852
0.152951
-0.0291863
-0.158115
-0.234899
0.950074
0.747078
0.623243
0.510097
0.361115
0.162684
-0.0154802
-0.141677
-0.216889
0.952598
0.749841
0.62898
0.51952
0.375831
0.184625
0.0129547
-0.10868
-0.181193
0.963305
0.762034
0.646058
0.542446
0.407099
0.227307
0.0659629
-0.0483361
-0.116453
1
0.800349
0.691447
0.596447
0.473469
0.31068
0.164786
0.0615006
0
1.1
0.98383
0.936983
0.907591
0.884739
0.875002
0.880941
0.891568
0.9
1.01139
0.908782
0.866917
0.840209
0.818472
0.806295
0.805995
0.809268
0.811707
0.875629
0.792111
0.756991
0.733614
0.712549
0.695107
0.683574
0.674077
0.666243
0.73916
0.674088
0.645375
0.625039
0.604269
0.581053
0.557799
0.535142
0.516765
0.649378
0.597127
0.573
0.555005
0.534907
0.508648
0.478584
0.448122
0.423452
0.582812
0.540853
0.520558
0.504683
0.485598
0.457831
0.423504
0.387938
0.35909
0.500018
0.471347
0.456121
0.44316
0.425684
0.396454
0.357112
0.31532
0.281306
0.381177
0.371991
0.364309
0.35576
0.340862
0.309765
0.263228
0.212314
0.170659
0.2
0.220915
0.224926
0.223207
0.212245
0.178006
0.119794
0.0540791
0
1.08188
1.14814
1.15067
1.10719
1.03565
0.964072
0.930382
0.936911
1.0981
1.159
1.15612
1.11038
1.04023
0.970846
0.939833
0.953681
1.11926
1.17527
1.16742
1.12006
1.05033
0.982397
0.95353
0.970978
1.13271
1.18437
1.17221
1.12306
1.05311
0.986881
0.960078
0.97938
1.13962
1.18907
1.17531
1.12617
1.05677
0.99099
0.963972
0.983402
1.14491
1.19355
1.18039
1.13321
1.06599
0.999872
0.970743
0.989662
1.14735
1.19687
1.18718
1.1447
1.08169
1.01524
0.982156
0.99945
1.14532
1.19972
1.19903
1.16658
1.11177
1.04631
1.00643
1.01833
273.699
286.873
306.151
322.874
321.152
293.28
269.574
264.268
278.558
292.694
311.897
327.029
324.111
296.588
272.647
266.703
283.432
298.687
317.278
330.544
326.615
300.145
277.027
271.156
286.932
302.983
321.288
333.333
328.303
301.958
279.371
273.912
289.327
305.528
323.55
335.126
330.239
304.764
282.245
276.487
291.274
307.072
324.706
336.344
332.849
309.421
286.932
280.206
292.925
307.575
324.666
337.024
336.664
317.238
295.319
286.964
294.005
306.079
322.07
335.925
341.404
329.907
310.82
300.237
24.4953
31.6891
36.3161
38.9777
37.9758
34.4351
33.0337
30.0475
24.6304
28.9868
31.7387
33.629
33.9017
32.3647
31.1116
28.3103
23.1077
26.1471
27.9389
29.2185
29.9959
29.4323
28.3497
26.6776
21.323
23.8842
25.4507
26.5405
26.8987
26.0648
24.875
23.452
19.1306
21.598
23.1458
24.1334
23.8804
22.7367
21.6909
20.3981
16.2153
18.7894
20.3809
21.3242
20.6541
19.4103
18.6129
17.7228
11.7893
14.4523
16.1
17.1252
16.4223
15.3411
14.8571
14.702
5.10121
7.26096
8.74508
10.0609
10.2024
10.0149
10.0193
10.7728
112614
111403
108948
108070
111491
113146
108862
105185
115414
114813
113166
112507
114978
115570
111422
108537
117861
116930
115378
114755
116738
116898
113007
110536
118988
117603
115992
115362
117040
116916
113064
110592
119356
117689
116018
115332
116809
116619
112882
110431
119509
117664
115935
115178
116568
116503
113006
110706
119092
117158
115360
114471
115761
116116
113167
111154
117345
115382
113369
112124
113170
114497
112770
111165
0.719838
0.783086
0.846784
0.879772
0.833006
0.728494
0.671032
0.670874
0.729011
0.789799
0.84689
0.872877
0.828418
0.730824
0.673576
0.67191
0.740637
0.803371
0.856256
0.876174
0.831484
0.738901
0.683651
0.682498
0.750273
0.815145
0.865917
0.881773
0.83509
0.744201
0.690752
0.691428
0.757238
0.82282
0.87257
0.887349
0.841683
0.752931
0.699135
0.699213
0.763126
0.828108
0.877379
0.893432
0.852325
0.767613
0.712243
0.709477
0.769041
0.831769
0.881328
0.901893
0.870804
0.793721
0.736219
0.7282
0.776402
0.834378
0.885551
0.916183
0.904772
0.84326
0.785175
0.768495
0
0
0
0
0
0
0
0
0
0
0
0
0
0
0
0
0
0
0
0
0
0
0
0
0
0
0
0
0
0
0
0
0
0
0
0
0
0
0
0
0
0
0
0
0
0
0
0
0
0
0
0
0
0
0
0
0
0
0
0
0
0
0
0
ZONE T="iter=650_ghosts", STRANDID=1, SOLUTIONTIME=650, I=13 J=13, DATAPACKING=BLOCK
VARLOCATION=([3-8]=CELLCENTERED)
1.37034
1.22683
1.03343
0.840031
0.696521
0.55655
0.368147
0.115451
-0.111459
-0.27166
-0.366766
-0.461872
-0.622073
1.34687
1.20813
1.01502
0.821905
0.683163
0.549155
0.369359
0.128487
-0.0877278
-0.240362
-0.330961
-0.42156
-0.574194
1.32564
1.19117
1
0.808828
0.674358
0.54532
0.372547
0.141224
-0.0664018
-0.212987
-0.3
-0.387013
-0.533598
1.30441
1.17422
0.984984
0.795752
0.665554
0.541485
0.375734
0.153962
-0.0450757
-0.185611
-0.269039
-0.352467
-0.493003
1.28095
1.15552
0.966571
0.777626
0.652196
0.53409
0.376946
0.166997
-0.021345
-0.154313
-0.233234
-0.312155
-0.445123
1.27713
1.15147
0.954479
0.757486
0.631824
0.515133
0.360635
0.154552
-0.030358
-0.161076
-0.238796
-0.316517
-0.447235
1.27772
1.15233
0.950588
0.748848
0.623456
0.508097
0.355852
0.152951
-0.0291863
-0.158115
-0.234899
-0.311683
-0.440612
1.2769
1.15307
0.950074
0.747078
0.623243
0.510097
0.361115
0.162684
-0.0154802
-0.141677
-0.216889
-0.292101
-0.418298
1.27622
1.15536
0.952598
0.749841
0.62898
0.51952
0.375831
0.184625
0.0129547
-0.10868
-0.181193
-0.253705
-0.37534
1.28055
1.16458
0.963305
0.762034
0.646058
0.542446
0.407099
0.227307
0.0659629
-0.0483361
-0.116453
-0.18457
-0.298869
1.30855
1.19965
1
0.800349
0.691447
0.596447
0.473469
0.31068
0.164786
0.0615006
0
-0.0615006
-0.164786
1.33655
1.23473
1.0367
0.838664
0.736837
0.650448
0.53984
0.394053
0.263609
0.171337
0.116453
0.0615692
-0.0307027
1.34089
1.24395
1.0474
0.850857
0.753915
0.673374
0.571108
0.436734
0.316617
0.231681
0.181193
0.130704
0.0457684
1.53177
1.47319
1.32437
1.17555
1.11697
1.08157
1.05693
1.0549
1.07831
1.10906
1.13376
1.15845
1.18921
1.37016
1.31833
1.18861
1.05888
1.00705
0.974973
0.951005
0.943709
0.955887
0.973869
0.988293
1.00272
1.0207
1.26302
1.21617
1.1
0.98383
0.936983
0.907591
0.884739
0.875002
0.880941
0.891568
0.9
0.908432
0.919059
1.15587
1.11401
1.01139
0.908782
0.866917
0.840209
0.818472
0.806295
0.805995
0.809268
0.811707
0.814147
0.81742
0.994268
0.959148
0.875629
0.792111
0.756991
0.733614
0.712549
0.695107
0.683574
0.674077
0.666243
0.658409
0.648912
0.832946
0.804232
0.73916
0.674088
0.645375
0.625039
0.604269
0.581053
0.557799
0.535142
0.516765
0.498388
0.475731
0.725756
0.701629
0.649378
0.597127
0.573
0.555005
0.534907
0.508648
0.478584
0.448122
0.423452
0.398782
0.368321
0.645066
0.624771
0.582812
0.540853
0.520558
0.504683
0.485598
0.457831
0.423504
0.387938
0.35909
0.330242
0.294676
0.543915
0.528689
0.500018
0.471347
0.456121
0.44316
0.425684
0.396454
0.357112
0.31532
0.281306
0.247291
0.205499
0.398045
0.390363
0.381177
0.371991
0.364309
0.35576
0.340862
0.309765
0.263228
0.212314
0.170659
0.129004
0.078091
0.175074
0.179085
0.2
0.220915
0.224926
0.223207
0.212245
0.178006
0.119794
0.0540791
0
-0.0540791
-0.119794
-0.0478959
-0.0321933
0.0188231
0.0698395
0.0855421
0.0906533
0.0836282
0.0462469
-0.0236398
-0.104156
-0.170659
-0.237163
-0.317679
-0.193766
-0.170519
-0.100018
-0.0295164
-0.00626981
0.00325397
-0.00119406
-0.040443
-0.117524
-0.207162
-0.281306
-0.355449
-0.445087
0.871997
0.923726
0.999406
1.05714
1.08715
1.09722
1.06947
1.00248
0.943323
0.912218
0.896483
0.888579
0.890004
0.94262
1.01709
1.07178
1.09921
1.10801
1.08218
1.01985
0.963411
0.93249
0.915827
0.904897
0.906348
0.959025
1.08188
1.14814
1.15067
1.10719
1.03565
0.964072
0.930382
0.936911
0.932015
0.91855
0.927153
0.979338
1.0981
1.159
1.15612
1.11038
1.04023
0.970846
0.939833
0.953681
0.952699
0.937207
0.949972
1.00153
1.11926
1.17527
1.16742
1.12006
1.05033
0.982397
0.95353
0.970978
0.972463
0.956977
0.96629
1.01732
1.13271
1.18437
1.17221
1.12306
1.05311
0.986881
0.960078
0.97938
0.983926
0.969152
0.97664
1.02679
1.13962
1.18907
1.17531
1.12617
1.05677
0.99099
0.963972
0.983402
0.992586
0.977115
0.985855
1.03458
1.14491
1.19355
1.18039
1.13321
1.06599
0.999872
0.970743
0.989662
1.0035
0.9861
0.996028
1.04241
1.14735
1.19687
1.18718
1.1447
1.08169
1.01524
0.982156
0.99945
1.02117
1.00066
1.00401
1.04653
1.14532
1.19972
1.19903
1.16658
1.11177
1.04631
1.00643
1.01833
1.05154
1.02709
1.00455
1.04302
1.1036
1.14466
1.16387
1.17564
1.1759
1.15707
1.12962
1.10679
1.08783
1.06146
0.999957
1.03673
1.09768
1.13994
1.16004
1.17403
1.17985
1.16938
1.14851
1.12873
1.1109
1.08515
282.314
271.142
271.881
284.482
298.408
311.432
313.627
296.199
279.72
274.222
274.354
280.2
282.524
272.649
274.919
288.057
301.549
313.883
316.319
300.446
284.283
277.902
276.888
280.913
282.966
274.197
273.699
286.873
306.151
322.874
321.152
293.28
269.574
264.268
279.295
281.655
284.431
276.721
278.558
292.694
311.897
327.029
324.111
296.588
272.647
266.703
283.075
283.771
287.704
280.4
283.432
298.687
317.278
330.544
326.615
300.145
277.027
271.156
287.515
287.622
291.284
283.683
286.932
302.983
321.288
333.333
328.303
301.958
279.371
273.912
290.459
290.689
293.846
285.942
289.327
305.528
323.55
335.126
330.239
304.764
282.245
276.487
292.414
292.119
296.2
288.029
291.274
307.072
324.706
336.344
332.849
309.421
286.932
280.206
294.665
293.107
299.344
290.685
292.925
307.575
324.666
337.024
336.664
317.238
295.319
286.964
298.624
294.954
304.22
294.319
294.005
306.079
322.07
335.925
341.404
329.907
310.82
300.237
306.615
300.157
308.983
297.779
296.012
305.309
314.155
323.6
332.532
334.276
329.048
322.919
317.383
309.56
310.527
299.103
295.704
303.6
311.483
320.344
330.066
334.886
332.983
328.737
324.132
316.88
-4.63978
1.44361
9.02038
14.6033
18.1845
21.423
24.2714
25.2854
24.4238
23.0287
21.5919
19.3078
-1.06309
4.50568
11.2807
16.2378
19.4607
22.427
25.1342
26.2846
25.7731
24.7381
23.6304
21.7777
1.59436
6.68351
24.4953
31.6891
36.3161
38.9777
37.9758
34.4351
33.0337
30.0475
24.7539
23.1899
4.34639
8.8616
24.6304
28.9868
31.7387
33.629
33.9017
32.3647
31.1116
28.3103
25.4485
24.1196
6.43259
10.4241
23.1077
26.1471
27.9389
29.2185
29.9959
29.4323
28.3497
26.6776
24.9106
23.5634
7.03057
10.7527
21.323
23.8842
25.4507
26.5405
26.8987
26.0648
24.875
23.452
23.4619
21.9058
6.87933
10.4685
19.1306
21.598
23.1458
24.1334
23.8804
22.7367
21.6909
20.3981
22.2661
20.585
6.3171
9.81126
16.2153
18.7894
20.3809
21.3242
20.6541
19.4103
18.6129
17.7228
21.1256
19.3901
4.86577
8.32192
11.7893
14.4523
16.1
17.1252
16.4223
15.3411
14.8571
14.702
19.4205
17.6554
1.27302
4.8761
5.10121
7.26096
8.74508
10.0609
10.2024
10.0149
10.0193
10.7728
16.3871
14.6299
-4.45382
-0.475216
5.06899
9.08756
11.3098
13.2357
14.9415
15.543
14.7866
13.4753
12.1103
10.4875
-9.3455
-5.06536
1.07496
5.49658
7.81989
9.75668
11.4007
11.9058
11.0792
9.76657
8.48234
7.13127
93604.1
102001
105188
100181
94691.8
93262.7
101527
109151
104280
97774.9
93671.2
91663.6
95661.5
104076
106574
101240
96072.7
94904.4
102787
110797
107341
101422
97171.3
94094.9
98052.5
106104
112614
111403
108948
108070
111491
113146
108862
105185
100177
96332.1
101342
108744
115414
114813
113166
112507
114978
115570
111422
108537
103656
99273.9
104904
111632
117861
116930
115378
114755
116738
116898
113007
110536
105852
101338
107109
113478
118988
117603
115992
115362
117040
116916
113064
110592
106001
101404
108193
114341
119356
117689
116018
115332
116809
116619
112882
110431
106191
101338
108835
114786
119509
117664
115935
115178
116568
116503
113006
110706
106932
101752
108829
114709
119092
117158
115360
114471
115761
116116
113167
111154
108183
102891
106601
113003
117345
115382
113369
112124
113170
114497
112770
111165
109213
105004
101610
108933
110647
104898
100244
96748.7
96480.3
101158
105601
107116
107062
105701
97331
105071
108632
104123
99841.2
95947.5
93774
95874.8
99447.9
101564
102682
103657
0.728344
0.68962
0.708666
0.782053
0.856132
0.904935
0.862855
0.761415
0.713739
0.710395
0.719542
0.739063
0.72832
0.693574
0.718388
0.793376
0.863846
0.908736
0.870176
0.773327
0.722748
0.714987
0.721031
0.738457
0.727102
0.69691
0.719838
0.783086
0.846784
0.879772
0.833006
0.728494
0.671032
0.670874
0.722813
0.737542
0.727185
0.702206
0.729011
0.789799
0.84689
0.872877
0.828418
0.730824
0.673576
0.67191
0.728225
0.73955
0.731896
0.710315
0.740637
0.803371
0.856256
0.876174
0.831484
0.738901
0.683651
0.682498
0.739277
0.749503
0.73964
0.718381
0.750273
0.815145
0.865917
0.881773
0.83509
0.744201
0.690752
0.691428
0.750341
0.761663
0.746352
0.724676
0.757238
0.82282
0.87257
0.887349
0.841683
0.752931
0.699135
0.699213
0.757755
0.768524
0.7536
0.731242
0.763126
0.828108
0.877379
0.893432
0.852325
0.767613
0.712243
0.709477
0.764858
0.772858
0.765469
0.740898
0.769041
0.831769
0.881328
0.901893
0.870804
0.793721
0.736219
0.7282
0.777048
0.778789
0.789071
0.757085
0.776402
0.834378
0.885551
0.916183
0.904772
0.84326
0.785175
0.768495
0.80524
0.794331
0.821169
0.778749
0.790213
0.85275
0.905286
0.954161
0.982139
0.956509
0.910467
0.878037
0.855652
0.829548
0.841583
0.794165
0.794429
0.849133
0.897611
0.947498
0.990073
0.989082
0.956906
0.926618
0.901357
0.866732
1
1
1
1
1
1
1
1
1
1
1
1
1
1
1
1
1
1
1
1
1
1
1
1
1
1
0
0
0
0
0
0
0
0
1
1
1
1
0
0
0
0
0
0
0
0
1
1
1
1
0
0
0
0
0
0
0
0
1
1
1
1
0
0
0
0
0
0
0
0
1
1
1
1
0
0
0
0
0
0
0
0
1
1
1
1
0
0
0
0
0
0
0
0
1
1
1
1
0
0
0
0
0
0
0
0
1
1
1
1
0
0
0
0
0
0
0
0
1
1
1
1
1
1
1
1
1
1
1
1
1
1
1
1
1
1
1
1
1
1
1
1
1
1
ZONE T="iter=700_phys", STRANDID=1, SOLUTIONTIME=700, I=9 J=9, DATAPACKING=BLOCK
VARLOCATION=([3-8]=CELLCENTERED)
1
0.808828
0.674358
0.54532
0.372547
0.141224
-0.0664018
-0.212987
-0.3
0.984984
0.795752
0.665554
0.541485
0.375734
0.153962
-0.0450757
-0.185611
-0.269039
0.966571
0.777626
0.652196
0.53409
0.376946
0.166997
-0.021345
-0.154313
-0.233234
0.954479
0.757486
0.631824
0.515133
0.360635
0.154552
-0.030358
-0.161076
-0.238796
0.950588
0.748848
0.623456
0.508097
0.355852
0.152951
-0.0291863
-0.158115
-0.234899
0.950074
0.747078
0.623243
0.510097
0.361115
0.162684
-0.0154802
-0.141677
-0.216889
0.952598
0.749841
0.62898
0.51952
0.375831
0.184625
0.0129547
-0.10868
-0.181193
0.963305
0.762034
0.646058
0.542446
0.407099
0.227307
0.0659629
-0.0483361
-0.116453
1
0.800349
0.691447
0.596447
0.473469
0.31068
0.164786
0.0615006
0
1.1
0.98383
0.936983
0.907591
0.884739
0.875002
0.880941
0.891568
0.9
1.01139
0.908782
0.866917
0.840209
0.818472
0.806295
0.805995
0.809268
0.811707
0.875629
0.792111
0.756991
0.733614
0.712549
0.695107
0.683574
0.674077
0.666243
0.73916
0.674088
0.645375
0.625039
0.604269
0.581053
0.557799
0.535142
0.516765
0.649378
0.597127
0.573
0.555005
0.534907
0.508648
0.478584
0.448122
0.423452
0.582812
0.540853
0.520558
0.504683
0.485598
0.457831
0.423504
0.387938
0.35909
0.500018
0.471347
0.456121
0.44316
0.425684
0.396454
0.357112
0.31532
0.281306
0.381177
0.371991
0.364309
0.35576
0.340862
0.309765
0.263228
0.212314
0.170659
0.2
0.220915
0.224926
0.223207
0.212245
0.178006
0.119794
0.0540791
0
1.08608
1.15324
1.15358
1.10627
1.03162
0.95952
0.927988
0.937313
1.10221
1.16343
1.15764
1.10769
1.03444
0.964701
0.936323
0.953858
1.12322
1.17944
1.16854
1.11707
1.04427
0.975888
0.94976
0.971149
1.13648
1.1882
1.17286
1.11967
1.0467
0.980049
0.956065
0.979422
1.14316
1.1926
1.17565
1.12252
1.05011
0.983836
0.959573
0.98318
1.14832
1.19699
1.18072
1.12965
1.05942
0.992563
0.96597
0.989118
1.1506
1.20032
1.18778
1.14159
1.07549
1.00785
0.976862
0.998379
1.14854
1.20362
1.20078
1.16505
1.10701
1.03949
1.00069
1.01648
273.663
286.845
306.309
323.142
321.075
292.427
268.548
263.791
278.523
292.757
312.181
327.366
323.978
295.55
271.447
266.157
283.409
298.816
317.604
330.854
326.432
299.094
275.856
270.64
286.919
303.14
321.636
333.635
328.105
300.911
278.215
273.425
289.331
305.715
323.932
335.455
330.076
303.767
281.114
276.028
291.289
307.281
325.12
336.716
332.76
308.529
285.863
279.788
292.928
307.774
325.092
337.456
336.715
316.553
294.399
286.633
293.997
306.233
322.459
336.402
341.662
329.587
310.202
300.06
25.0016
32.4427
37.1597
39.7099
38.377
34.4873
33.1001
30.154
25.3301
29.8092
32.6116
34.4293
34.4798
32.7013
31.404
28.4834
23.707
26.7519
28.5328
29.7385
30.3602
29.6223
28.4516
26.7103
21.7529
24.2721
25.7912
26.7909
27.0009
26.0354
24.816
23.4072
19.3952
21.7994
23.2821
24.1747
23.7818
22.5394
21.539
20.3354
16.302
18.803
20.3241
21.1765
20.3775
19.0669
18.3869
17.6689
11.6773
14.2489
15.8179
16.7587
15.9406
14.8317
14.5389
14.6599
4.91236
6.91412
8.29391
9.53999
9.6
9.42161
9.65168
10.771
112667
111646
109188
108124
111245
112634
108437
105086
115363
115041
113414
112547
114663
114916
110854
108394
117818
117209
115665
114813
116408
116203
112407
110391
118937
117880
116255
115377
116650
116166
112429
110429
119274
117936
116241
115308
116384
115832
112203
110232
119399
117881
116133
115146
116157
115721
112297
110469
118939
117325
115529
114450
115408
115384
112442
110867
117166
115490
113516
112151
112953
113920
112094
110827
0.721089
0.784121
0.847624
0.880145
0.832229
0.726349
0.668984
0.670168
0.730609
0.790908
0.847523
0.872772
0.827063
0.728139
0.671192
0.6711
0.742148
0.804323
0.856619
0.875719
0.829878
0.736128
0.681281
0.681725
0.751729
0.816001
0.866184
0.881229
0.833455
0.741444
0.688401
0.690722
0.758724
0.823717
0.872906
0.886877
0.84013
0.750269
0.696829
0.698596
0.764665
0.829101
0.877855
0.893111
0.850924
0.765126
0.710049
0.70898
0.770623
0.832887
0.88202
0.901851
0.869702
0.791561
0.734267
0.727909
0.778056
0.835738
0.886661
0.916731
0.904342
0.84177
0.783699
0.768511
0
0
0
0
0
0
0
0
0
0
0
0
0
0
0
0
0
0
0
0
0
0
0
0
0
0
0
0
0
0
0
0
0
0
0
0
0
0
0
0
0
0
0
0
0
0
0
0
0
0
0
0
0
0
0
0
0
0
0
0
0
0
0
0
ZONE T="iter=700_ghosts", STRANDID=1, SOLUTIONTIME=700, I=13 J=13, DATAPACKING=BLOCK
VARLOCATION=([3-8]=CELLCENTERED)
1.37034
1.22683
1.03343
0.840031
0.696521
0.55655
0.368147
0.115451
-0.111459
-0.27166
-0.366766
-0.461872
-0.622073
1.34687
1.20813
1.01502
0.821905
0.683163
0.549155
0.369359
0.128487
-0.0877278
-0.240362
-0.330961
-0.42156
-0.574194
1.32564
1.19117
1
0.808828
0.674358
0.54532
0.372547
0.141224
-0.0664018
-0.212987
-0.3
-0.387013
-0.533598
1.30441
1.17422
0.984984
0.795752
0.665554
0.541485
0.375734
0.153962
-0.0450757
-0.185611
-0.269039
-0.352467
-0.493003
1.28095
1.15552
0.966571
0.777626
0.652196
0.53409
0.376946
0.166997
-0.021345
-0.154313
-0.233234
-0.312155
-0.445123
1.27713
1.15147
0.954479
0.757486
0.631824
0.515133
0.360635
0.154552
-0.030358
-0.161076
-0.238796
-0.316517
-0.447235
1.27772
1.15233
0.950588
0.748848
0.623456
0.508097
0.355852
0.152951
-0.0291863
-0.158115
-0.234899
-0.311683
-0.440612
1.2769
1.15307
0.950074
0.747078
0.623243
0.510097
0.361115
0.162684
-0.0154802
-0.141677
-0.216889
-0.292101
-0.418298
1.27622
1.15536
0.952598
0.749841
0.62898
0.51952
0.375831
0.184625
0.0129547
-0.10868
-0.181193
-0.253705
-0.37534
1.28055
1.16458
0.963305
0.762034
0.646058
0.542446
0.407099
0.227307
0.0659629
-0.0483361
-0.116453
-0.18457
-0.298869
1.30855
1.19965
1
0.800349
0.691447
0.596447
0.473469
0.31068
0.164786
0.0615006
0
-0.0615006
-0.164786
1.33655
1.23473
1.0367
0.838664
0.736837
0.650448
0.53984
0.394053
0.263609
0.171337
0.116453
0.0615692
-0.0307027
1.34089
1.24395
1.0474
0.850857
0.753915
0.673374
0.571108
0.436734
0.316617
0.231681
0.181193
0.130704
0.0457684
1.53177
1.47319
1.32437
1.17555
1.11697
1.08157
1.05693
1.0549
1.07831
1.10906
1.13376
1.15845
1.18921
1.37016
1.31833
1.18861
1.05888
1.00705
0.974973
0.951005
0.943709
0.955887
0.973869
0.988293
1.00272
1.0207
1.26302
1.21617
1.1
0.98383
0.936983
0.907591
0.884739
0.875002
0.880941
0.891568
0.9
0.908432
0.919059
1.15587
1.11401
1.01139
0.908782
0.866917
0.840209
0.818472
0.806295
0.805995
0.809268
0.811707
0.814147
0.81742
0.994268
0.959148
0.875629
0.792111
0.756991
0.733614
0.712549
0.695107
0.683574
0.674077
0.666243
0.658409
0.648912
0.832946
0.804232
0.73916
0.674088
0.645375
0.625039
0.604269
0.581053
0.557799
0.535142
0.516765
0.498388
0.475731
0.725756
0.701629
0.649378
0.597127
0.573
0.555005
0.534907
0.508648
0.478584
0.448122
0.423452
0.398782
0.368321
0.645066
0.624771
0.582812
0.540853
0.520558
0.504683
0.485598
0.457831
0.423504
0.387938
0.35909
0.330242
0.294676
0.543915
0.528689
0.500018
0.471347
0.456121
0.44316
0.425684
0.396454
0.357112
0.31532
0.281306
0.247291
0.205499
0.398045
0.390363
0.381177
0.371991
0.364309
0.35576
0.340862
0.309765
0.263228
0.212314
0.170659
0.129004
0.078091
0.175074
0.179085
0.2
0.220915
0.224926
0.223207
0.212245
0.178006
0.119794
0.0540791
0
-0.0540791
-0.119794
-0.0478959
-0.0321933
0.0188231
0.0698395
0.0855421
0.0906533
0.0836282
0.0462469
-0.0236398
-0.104156
-0.170659
-0.237163
-0.317679
-0.193766
-0.170519
-0.100018
-0.0295164
-0.00626981
0.00325397
-0.00119406
-0.040443
-0.117524
-0.207162
-0.281306
-0.355449
-0.445087
0.871997
0.923726
0.999406
1.05714
1.08715
1.09722
1.06947
1.00248
0.943323
0.912218
0.896483
0.888579
0.890004
0.94262
1.01709
1.07178
1.09921
1.10801
1.08218
1.01985
0.963411
0.93249
0.915827
0.904897
0.906348
0.959025
1.08608
1.15324
1.15358
1.10627
1.03162
0.95952
0.927988
0.937313
0.932015
0.91855
0.927153
0.979338
1.10221
1.16343
1.15764
1.10769
1.03444
0.964701
0.936323
0.953858
0.952699
0.937207
0.949972
1.00153
1.12322
1.17944
1.16854
1.11707
1.04427
0.975888
0.94976
0.971149
0.972463
0.956977
0.96629
1.01732
1.13648
1.1882
1.17286
1.11967
1.0467
0.980049
0.956065
0.979422
0.983926
0.969152
0.97664
1.02679
1.14316
1.1926
1.17565
1.12252
1.05011
0.983836
0.959573
0.98318
0.992586
0.977115
0.985855
1.03458
1.14832
1.19699
1.18072
1.12965
1.05942
0.992563
0.96597
0.989118
1.0035
0.9861
0.996028
1.04241
1.1506
1.20032
1.18778
1.14159
1.07549
1.00785
0.976862
0.998379
1.02117
1.00066
1.00401
1.04653
1.14854
1.20362
1.20078
1.16505
1.10701
1.03949
1.00069
1.01648
1.05154
1.02709
1.00455
1.04302
1.1036
1.14466
1.16387
1.17564
1.1759
1.15707
1.12962
1.10679
1.08783
1.06146
0.999957
1.03673
1.09768
1.13994
1.16004
1.17403
1.17985
1.16938
1.14851
1.12873
1.1109
1.08515
282.314
271.142
271.881
284.482
298.408
311.432
313.627
296.199
279.72
274.222
274.354
280.2
282.524
272.649
274.919
288.057
301.549
313.883
316.319
300.446
284.283
277.902
276.888
280.913
282.966
274.197
273.663
286.845
306.309
323.142
321.075
292.427
268.548
263.791
279.295
281.655
284.431
276.721
278.523
292.757
312.181
327.366
323.978
295.55
271.447
266.157
283.075
283.771
287.704
280.4
283.409
298.816
317.604
330.854
326.432
299.094
275.856
270.64
287.515
287.622
291.284
283.683
286.919
303.14
321.636
333.635
328.105
300.911
278.215
273.425
290.459
290.689
293.846
285.942
289.331
305.715
323.932
335.455
330.076
303.767
281.114
276.028
292.414
292.119
296.2
288.029
291.289
307.281
325.12
336.716
332.76
308.529
285.863
279.788
294.665
293.107
299.344
290.685
292.928
307.774
325.092
337.456
336.715
316.553
294.399
286.633
298.624
294.954
304.22
294.319
293.997
306.233
322.459
336.402
341.662
329.587
310.202
300.06
306.615
300.157
308.983
297.779
296.012
305.309
314.155
323.6
332.532
334.276
329.048
322.919
317.383
309.56
310.527
299.103
295.704
303.6
311.483
320.344
330.066
334.886
332.983
328.737
324.132
316.88
-4.63978
1.44361
9.02038
14.6033
18.1845
21.423
24.2714
25.2854
24.4238
23.0287
21.5919
19.3078
-1.06309
4.50568
11.2807
16.2378
19.4607
22.427
25.1342
26.2846
25.7731
24.7381
23.6304
21.7777
1.59436
6.68351
25.0016
32.4427
37.1597
39.7099
38.377
34.4873
33.1001
30.154
24.7539
23.1899
4.34639
8.8616
25.3301
29.8092
32.6116
34.4293
34.4798
32.7013
31.404
28.4834
25.4485
24.1196
6.43259
10.4241
23.707
26.7519
28.5328
29.7385
30.3602
29.6223
28.4516
26.7103
24.9106
23.5634
7.03057
10.7527
21.7529
24.2721
25.7912
26.7909
27.0009
26.0354
24.816
23.4072
23.4619
21.9058
6.87933
10.4685
19.3952
21.7994
23.2821
24.1747
23.7818
22.5394
21.539
20.3354
22.2661
20.585
6.3171
9.81126
16.302
18.803
20.3241
21.1765
20.3775
19.0669
18.3869
17.6689
21.1256
19.3901
4.86577
8.32192
11.6773
14.2489
15.8179
16.7587
15.9406
14.8317
14.5389
14.6599
19.4205
17.6554
1.27302
4.8761
4.91236
6.91412
8.29391
9.53999
9.6
9.42161
9.65168
10.771
16.3871
14.6299
-4.45382
-0.475216
5.06899
9.08756
11.3098
13.2357
14.9415
15.543
14.7866
13.4753
12.1103
10.4875
-9.3455
-5.06536
1.07496
5.49658
7.81989
9.75668
11.4007
11.9058
11.0792
9.76657
8.48234
7.13127
93604.1
102001
105188
100181
94691.8
93262.7
101527
109151
104280
97774.9
93671.2
91663.6
95661.5
104076
106574
101240
96072.7
94904.4
102787
110797
107341
101422
97171.3
94094.9
98052.5
106104
112667
111646
109188
108124
111245
112634
108437
105086
100177
96332.1
101342
108744
115363
115041
113414
112547
114663
114916
110854
108394
103656
99273.9
104904
111632
117818
117209
115665
114813
116408
116203
112407
110391
105852
101338
107109
113478
118937
117880
116255
115377
116650
116166
112429
110429
106001
101404
108193
114341
119274
117936
116241
115308
116384
115832
112203
110232
106191
101338
108835
114786
119399
117881
116133
115146
116157
115721
112297
110469
106932
101752
108829
114709
118939
117325
115529
114450
115408
115384
112442
110867
108183
102891
106601
113003
117166
115490
113516
112151
112953
113920
112094
110827
109213
105004
101610
108933
110647
104898
100244
96748.7
96480.3
101158
105601
107116
107062
105701
97331
105071
108632
104123
99841.2
95947.5
93774
95874.8
99447.9
101564
102682
103657
0.728344
0.68962
0.708666
0.782053
0.856132
0.904935
0.862855
0.761415
0.713739
0.710395
0.719542
0.739063
0.72832
0.693574
0.718388
0.793376
0.863846
0.908736
0.870176
0.773327
0.722748
0.714987
0.721031
0.738457
0.727102
0.69691
0.721089
0.784121
0.847624
0.880145
0.832229
0.726349
0.668984
0.670168
0.722813
0.737542
0.727185
0.702206
0.730609
0.790908
0.847523
0.872772
0.827063
0.728139
0.671192
0.6711
0.728225
0.73955
0.731896
0.710315
0.742148
0.804323
0.856619
0.875719
0.829878
0.736128
0.681281
0.681725
0.739277
0.749503
0.73964
0.718381
0.751729
0.816001
0.866184
0.881229
0.833455
0.741444
0.688401
0.690722
0.750341
0.761663
0.746352
0.724676
0.758724
0.823717
0.872906
0.886877
0.84013
0.750269
0.696829
0.698596
0.757755
0.768524
0.7536
0.731242
0.764665
0.829101
0.877855
0.893111
0.850924
0.765126
0.710049
0.70898
0.764858
0.772858
0.765469
0.740898
0.770623
0.832887
0.88202
0.901851
0.869702
0.791561
0.734267
0.727909
0.777048
0.778789
0.789071
0.757085
0.778056
0.835738
0.886661
0.916731
0.904342
0.84177
0.783699
0.768511
0.80524
0.794331
0.821169
0.778749
0.790213
0.85275
0.905286
0.954161
0.982139
0.956509
0.910467
0.878037
0.855652
0.829548
0.841583
0.794165
0.794429
0.849133
0.897611
0.947498
0.990073
0.989082
0.956906
0.926618
0.901357
0.866732
1
1
1
1
1
1
1
1
1
1
1
1
1
1
1
1
1
1
1
1
1
1
1
1
1
1
0
0
0
0
0
0
0
0
1
1
1
1
0
0
0
0
0
0
0
0
1
1
1
1
0
0
0
0
0
0
0
0
1
1
1
1
0
0
0
0
0
0
0
0
1
1
1
1
0
0
0
0
0
0
0
0
1
1
1
1
0
0
0
0
0
0
0
0
1
1
1
1
0
0
0
0
0
0
0
0
1
1
1
1
0
0
0
0
0
0
0
0
1
1
1
1
1
1
1
1
1
1
1
1
1
1
1
1
1
1
1
1
1
1
1
1
1
1
ZONE T="iter=750_phys", STRANDID=1, SOLUTIONTIME=750, I=9 J=9, DATAPACKING=BLOCK
VARLOCATION=([3-8]=CELLCENTERED)
1
0.808828
0.674358
0.54532
0.372547
0.141224
-0.0664018
-0.212987
-0.3
0.984984
0.795752
0.665554
0.541485
0.375734
0.153962
-0.0450757
-0.185611
-0.269039
0.966571
0.777626
0.652196
0.53409
0.376946
0.166997
-0.021345
-0.154313
-0.233234
0.954479
0.757486
0.631824
0.515133
0.360635
0.154552
-0.030358
-0.161076
-0.238796
0.950588
0.748848
0.623456
0.508097
0.355852
0.152951
-0.0291863
-0.158115
-0.234899
0.950074
0.747078
0.623243
0.510097
0.361115
0.162684
-0.0154802
-0.141677
-0.216889
0.952598
0.749841
0.62898
0.51952
0.375831
0.184625
0.0129547
-0.10868
-0.181193
0.963305
0.762034
0.646058
0.542446
0.407099
0.227307
0.0659629
-0.0483361
-0.116453
1
0.800349
0.691447
0.596447
0.473469
0.31068
0.164786
0.0615006
0
1.1
0.98383
0.936983
0.907591
0.884739
0.875002
0.880941
0.891568
0.9
1.01139
0.908782
0.866917
0.840209
0.818472
0.806295
0.805995
0.809268
0.811707
0.875629
0.792111
0.756991
0.733614
0.712549
0.695107
0.683574
0.674077
0.666243
0.73916
0.674088
0.645375
0.625039
0.604269
0.581053
0.557799
0.535142
0.516765
0.649378
0.597127
0.573
0.555005
0.534907
0.508648
0.478584
0.448122
0.423452
0.582812
0.540853
0.520558
0.504683
0.485598
0.457831
0.423504
0.387938
0.35909
0.500018
0.471347
0.456121
0.44316
0.425684
0.396454
0.357112
0.31532
0.281306
0.381177
0.371991
0.364309
0.35576
0.340862
0.309765
0.263228
0.212314
0.170659
0.2
0.220915
0.224926
0.223207
0.212245
0.178006
0.119794
0.0540791
0
1.09025
1.15828
1.15639
1.1053
1.02763
0.955089
0.92578
0.937782
1.10638
1.16777
1.15898
1.10486
1.0286
0.958636
0.933009
0.954117
1.1272
1.18348
1.16943
1.11389
1.03811
0.969427
0.946177
0.971399
1.14023
1.19187
1.17326
1.11607
1.04018
0.973259
0.952244
0.97955
1.14667
1.19596
1.17572
1.11866
1.04336
0.976723
0.955377
0.98306
1.15171
1.20028
1.18079
1.12588
1.05273
0.985294
0.961404
0.988688
1.15386
1.20365
1.18816
1.13828
1.06919
1.00051
0.971784
0.997439
1.1518
1.20744
1.20237
1.16337
1.10218
1.03272
0.99516
1.01477
273.64
286.829
306.449
323.373
320.969
291.589
267.59
263.358
278.513
292.834
312.441
327.657
323.807
294.518
270.324
265.666
283.406
298.953
317.898
331.113
326.208
298.05
274.766
270.178
286.926
303.305
321.951
333.886
327.868
299.874
277.143
272.992
289.355
305.91
324.282
335.733
329.872
302.779
280.066
275.627
291.323
307.498
325.503
337.039
332.629
307.64
284.873
279.428
292.949
307.984
325.492
337.843
336.722
315.861
293.547
286.358
294.006
306.402
322.831
336.839
341.873
329.243
309.629
299.927
25.4906
33.1764
37.969
40.392
38.7238
34.4957
33.1428
30.2475
26.0079
30.6185
33.4699
35.2081
35.0304
33.0125
31.6817
28.6439
24.2983
27.3572
29.1293
30.2586
30.7184
29.8014
28.5462
26.7415
22.1762
24.6568
26.1282
27.0361
27.096
25.9996
24.7569
23.3654
19.6509
21.9917
23.4069
24.2042
23.6749
22.3428
21.3991
20.2785
16.3813
18.806
20.2532
21.0155
20.0952
18.7336
18.1874
17.6258
11.5671
14.0408
15.5272
16.3851
15.4611
14.3433
14.2621
14.6362
4.737
6.57321
7.84646
9.02637
9.014
8.86165
9.33723
10.795
112740
111901
109431
108172
110998
112139
108046
105012
115331
115274
113648
112561
114328
114268
110318
108277
117786
117484
115928
114837
116051
115509
111837
110272
118893
118151
116490
115356
116233
115416
111826
110293
119199
118175
116436
115246
115931
115044
111557
110064
119295
118090
116304
115078
115718
114938
111622
110262
118796
117490
115678
114399
115029
114650
111750
110611
117006
115608
113657
112159
112716
113341
111448
110521
0.722299
0.785115
0.848369
0.880408
0.831377
0.724217
0.667055
0.669514
0.732225
0.792014
0.848083
0.872584
0.825649
0.725476
0.668962
0.670369
0.743685
0.805268
0.856904
0.875182
0.82822
0.73339
0.679084
0.681033
0.753212
0.816849
0.866372
0.880603
0.831768
0.738724
0.686231
0.690099
0.760236
0.824605
0.873162
0.886322
0.838522
0.747641
0.694702
0.698067
0.766225
0.830084
0.878251
0.892707
0.849465
0.762664
0.708024
0.708571
0.772223
0.833998
0.882637
0.901725
0.868536
0.78941
0.732464
0.727704
0.779706
0.837082
0.887691
0.917182
0.903827
0.84025
0.782322
0.76859
0
0
0
0
0
0
0
0
0
0
0
0
0
0
0
0
0
0
0
0
0
0
0
0
0
0
0
0
0
0
0
0
0
0
0
0
0
0
0
0
0
0
0
0
0
0
0
0
0
0
0
0
0
0
0
0
0
0
0
0
0
0
0
0
ZONE T="iter=750_ghosts", STRANDID=1, SOLUTIONTIME=750, I=13 J=13, DATAPACKING=BLOCK
VARLOCATION=([3-8]=CELLCENTERED)
1.37034
1.22683
1.03343
0.840031
0.696521
0.55655
0.368147
0.115451
-0.111459
-0.27166
-0.366766
-0.461872
-0.622073
1.34687
1.20813
1.01502
0.821905
0.683163
0.549155
0.369359
0.128487
-0.0877278
-0.240362
-0.330961
-0.42156
-0.574194
1.32564
1.19117
1
0.808828
0.674358
0.54532
0.372547
0.141224
-0.0664018
-0.212987
-0.3
-0.387013
-0.533598
1.30441
1.17422
0.984984
0.795752
0.665554
0.541485
0.375734
0.153962
-0.0450757
-0.185611
-0.269039
-0.352467
-0.493003
1.28095
1.15552
0.966571
0.777626
0.652196
0.53409
0.376946
0.166997
-0.021345
-0.154313
-0.233234
-0.312155
-0.445123
1.27713
1.15147
0.954479
0.757486
0.631824
0.515133
0.360635
0.154552
-0.030358
-0.161076
-0.238796
-0.316517
-0.447235
1.27772
1.15233
0.950588
0.748848
0.623456
0.508097
0.355852
0.152951
-0.0291863
-0.158115
-0.234899
-0.311683
-0.440612
1.2769
1.15307
0.950074
0.747078
0.623243
0.510097
0.361115
0.162684
-0.0154802
-0.141677
-0.216889
-0.292101
-0.418298
1.27622
1.15536
0.952598
0.749841
0.62898
0.51952
0.375831
0.184625
0.0129547
-0.10868
-0.181193
-0.253705
-0.37534
1.28055
1.16458
0.963305
0.762034
0.646058
0.542446
0.407099
0.227307
0.0659629
-0.0483361
-0.116453
-0.18457
-0.298869
1.30855
1.19965
1
0.800349
0.691447
0.596447
0.473469
0.31068
0.164786
0.0615006
0
-0.0615006
-0.164786
1.33655
1.23473
1.0367
0.838664
0.736837
0.650448
0.53984
0.394053
0.263609
0.171337
0.116453
0.0615692
-0.0307027
1.34089
1.24395
1.0474
0.850857
0.753915
0.673374
0.571108
0.436734
0.316617
0.231681
0.181193
0.130704
0.0457684
1.53177
1.47319
1.32437
1.17555
1.11697
1.08157
1.05693
1.0549
1.07831
1.10906
1.13376
1.15845
1.18921
1.37016
1.31833
1.18861
1.05888
1.00705
0.974973
0.951005
0.943709
0.955887
0.973869
0.988293
1.00272
1.0207
1.26302
1.21617
1.1
0.98383
0.936983
0.907591
0.884739
0.875002
0.880941
0.891568
0.9
0.908432
0.919059
1.15587
1.11401
1.01139
0.908782
0.866917
0.840209
0.818472
0.806295
0.805995
0.809268
0.811707
0.814147
0.81742
0.994268
0.959148
0.875629
0.792111
0.756991
0.733614
0.712549
0.695107
0.683574
0.674077
0.666243
0.658409
0.648912
0.832946
0.804232
0.73916
0.674088
0.645375
0.625039
0.604269
0.581053
0.557799
0.535142
0.516765
0.498388
0.475731
0.725756
0.701629
0.649378
0.597127
0.573
0.555005
0.534907
0.508648
0.478584
0.448122
0.423452
0.398782
0.368321
0.645066
0.624771
0.582812
0.540853
0.520558
0.504683
0.485598
0.457831
0.423504
0.387938
0.35909
0.330242
0.294676
0.543915
0.528689
0.500018
0.471347
0.456121
0.44316
0.425684
0.396454
0.357112
0.31532
0.281306
0.247291
0.205499
0.398045
0.390363
0.381177
0.371991
0.364309
0.35576
0.340862
0.309765
0.263228
0.212314
0.170659
0.129004
0.078091
0.175074
0.179085
0.2
0.220915
0.224926
0.223207
0.212245
0.178006
0.119794
0.0540791
0
-0.0540791
-0.119794
-0.0478959
-0.0321933
0.0188231
0.0698395
0.0855421
0.0906533
0.0836282
0.0462469
-0.0236398
-0.104156
-0.170659
-0.237163
-0.317679
-0.193766
-0.170519
-0.100018
-0.0295164
-0.00626981
0.00325397
-0.00119406
-0.040443
-0.117524
-0.207162
-0.281306
-0.355449
-0.445087
0.871997
0.923726
0.999406
1.05714
1.08715
1.09722
1.06947
1.00248
0.943323
0.912218
0.896483
0.888579
0.890004
0.94262
1.01709
1.07178
1.09921
1.10801
1.08218
1.01985
0.963411
0.93249
0.915827
0.904897
0.906348
0.959025
1.09025
1.15828
1.15639
1.1053
1.02763
0.955089
0.92578
0.937782
0.932015
0.91855
0.927153
0.979338
1.10638
1.16777
1.15898
1.10486
1.0286
0.958636
0.933009
0.954117
0.952699
0.937207
0.949972
1.00153
1.1272
1.18348
1.16943
1.11389
1.03811
0.969427
0.946177
0.971399
0.972463
0.956977
0.96629
1.01732
1.14023
1.19187
1.17326
1.11607
1.04018
0.973259
0.952244
0.97955
0.983926
0.969152
0.97664
1.02679
1.14667
1.19596
1.17572
1.11866
1.04336
0.976723
0.955377
0.98306
0.992586
0.977115
0.985855
1.03458
1.15171
1.20028
1.18079
1.12588
1.05273
0.985294
0.961404
0.988688
1.0035
0.9861
0.996028
1.04241
1.15386
1.20365
1.18816
1.13828
1.06919
1.00051
0.971784
0.997439
1.02117
1.00066
1.00401
1.04653
1.1518
1.20744
1.20237
1.16337
1.10218
1.03272
0.99516
1.01477
1.05154
1.02709
1.00455
1.04302
1.1036
1.14466
1.16387
1.17564
1.1759
1.15707
1.12962
1.10679
1.08783
1.06146
0.999957
1.03673
1.09768
1.13994
1.16004
1.17403
1.17985
1.16938
1.14851
1.12873
1.1109
1.08515
282.314
271.142
271.881
284.482
298.408
311.432
313.627
296.199
279.72
274.222
274.354
280.2
282.524
272.649
274.919
288.057
301.549
313.883
316.319
300.446
284.283
277.902
276.888
280.913
282.966
274.197
273.64
286.829
306.449
323.373
320.969
291.589
267.59
263.358
279.295
281.655
284.431
276.721
278.513
292.834
312.441
327.657
323.807
294.518
270.324
265.666
283.075
283.771
287.704
280.4
283.406
298.953
317.898
331.113
326.208
298.05
274.766
270.178
287.515
287.622
291.284
283.683
286.926
303.305
321.951
333.886
327.868
299.874
277.143
272.992
290.459
290.689
293.846
285.942
289.355
305.91
324.282
335.733
329.872
302.779
280.066
275.627
292.414
292.119
296.2
288.029
291.323
307.498
325.503
337.039
332.629
307.64
284.873
279.428
294.665
293.107
299.344
290.685
292.949
307.984
325.492
337.843
336.722
315.861
293.547
286.358
298.624
294.954
304.22
294.319
294.006
306.402
322.831
336.839
341.873
329.243
309.629
299.927
306.615
300.157
308.983
297.779
296.012
305.309
314.155
323.6
332.532
334.276
329.048
322.919
317.383
309.56
310.527
299.103
295.704
303.6
311.483
320.344
330.066
334.886
332.983
328.737
324.132
316.88
-4.63978
1.44361
9.02038
14.6033
18.1845
21.423
24.2714
25.2854
24.4238
23.0287
21.5919
19.3078
-1.06309
4.50568
11.2807
16.2378
19.4607
22.427
25.1342
26.2846
25.7731
24.7381
23.6304
21.7777
1.59436
6.68351
25.4906
33.1764
37.969
40.392
38.7238
34.4957
33.1428
30.2475
24.7539
23.1899
4.34639
8.8616
26.0079
30.6185
33.4699
35.2081
35.0304
33.0125
31.6817
28.6439
25.4485
24.1196
6.43259
10.4241
24.2983
27.3572
29.1293
30.2586
30.7184
29.8014
28.5462
26.7415
24.9106
23.5634
7.03057
10.7527
22.1762
24.6568
26.1282
27.0361
27.096
25.9996
24.7569
23.3654
23.4619
21.9058
6.87933
10.4685
19.6509
21.9917
23.4069
24.2042
23.6749
22.3428
21.3991
20.2785
22.2661
20.585
6.3171
9.81126
16.3813
18.806
20.2532
21.0155
20.0952
18.7336
18.1874
17.6258
21.1256
19.3901
4.86577
8.32192
11.5671
14.0408
15.5272
16.3851
15.4611
14.3433
14.2621
14.6362
19.4205
17.6554
1.27302
4.8761
4.737
6.57321
7.84646
9.02637
9.014
8.86165
9.33723
10.795
16.3871
14.6299
-4.45382
-0.475216
5.06899
9.08756
11.3098
13.2357
14.9415
15.543
14.7866
13.4753
12.1103
10.4875
-9.3455
-5.06536
1.07496
5.49658
7.81989
9.75668
11.4007
11.9058
11.0792
9.76657
8.48234
7.13127
93604.1
102001
105188
100181
94691.8
93262.7
101527
109151
104280
97774.9
93671.2
91663.6
95661.5
104076
106574
101240
96072.7
94904.4
102787
110797
107341
101422
97171.3
94094.9
98052.5
106104
112740
111901
109431
108172
110998
112139
108046
105012
100177
96332.1
101342
108744
115331
115274
113648
112561
114328
114268
110318
108277
103656
99273.9
104904
111632
117786
117484
115928
114837
116051
115509
111837
110272
105852
101338
107109
113478
118893
118151
116490
115356
116233
115416
111826
110293
106001
101404
108193
114341
119199
118175
116436
115246
115931
115044
111557
110064
106191
101338
108835
114786
119295
118090
116304
115078
115718
114938
111622
110262
106932
101752
108829
114709
118796
117490
115678
114399
115029
114650
111750
110611
108183
102891
106601
113003
117006
115608
113657
112159
112716
113341
111448
110521
109213
105004
101610
108933
110647
104898
100244
96748.7
96480.3
101158
105601
107116
107062
105701
97331
105071
108632
104123
99841.2
95947.5
93774
95874.8
99447.9
101564
102682
103657
0.728344
0.68962
0.708666
0.782053
0.856132
0.904935
0.862855
0.761415
0.713739
0.710395
0.719542
0.739063
0.72832
0.693574
0.718388
0.793376
0.863846
0.908736
0.870176
0.773327
0.722748
0.714987
0.721031
0.738457
0.727102
0.69691
0.722299
0.785115
0.848369
0.880408
0.831377
0.724217
0.667055
0.669514
0.722813
0.737542
0.727185
0.702206
0.732225
0.792014
0.848083
0.872584
0.825649
0.725476
0.668962
0.670369
0.728225
0.73955
0.731896
0.710315
0.743685
0.805268
0.856904
0.875182
0.82822
0.73339
0.679084
0.681033
0.739277
0.749503
0.73964
0.718381
0.753212
0.816849
0.866372
0.880603
0.831768
0.738724
0.686231
0.690099
0.750341
0.761663
0.746352
0.724676
0.760236
0.824605
0.873162
0.886322
0.838522
0.747641
0.694702
0.698067
0.757755
0.768524
0.7536
0.731242
0.766225
0.830084
0.878251
0.892707
0.849465
0.762664
0.708024
0.708571
0.764858
0.772858
0.765469
0.740898
0.772223
0.833998
0.882637
0.901725
0.868536
0.78941
0.732464
0.727704
0.777048
0.778789
0.789071
0.757085
0.779706
0.837082
0.887691
0.917182
0.903827
0.84025
0.782322
0.76859
0.80524
0.794331
0.821169
0.778749
0.790213
0.85275
0.905286
0.954161
0.982139
0.956509
0.910467
0.878037
0.855652
0.829548
0.841583
0.794165
0.794429
0.849133
0.897611
0.947498
0.990073
0.989082
0.956906
0.926618
0.901357
0.866732
1
1
1
1
1
1
1
1
1
1
1
1
1
1
1
1
1
1
1
1
1
1
1
1
1
1
0
0
0
0
0
0
0
0
1
1
1
1
0
0
0
0
0
0
0
0
1
1
1
1
0
0
0
0
0
0
0
0
1
1
1
1
0
0
0
0
0
0
0
0
1
1
1
1
0
0
0
0
0
0
0
0
1
1
1
1
0
0
0
0
0
0
0
0
1
1
1
1
0
0
0
0
0
0
0
0
1
1
1
1
0
0
0
0
0
0
0
0
1
1
1
1
1
1
1
1
1
1
1
1
1
1
1
1
1
1
1
1
1
1
1
1
1
1
ZONE T="iter=800_phys", STRANDID=1, SOLUTIONTIME=800, I=9 J=9, DATAPACKING=BLOCK
VARLOCATION=([3-8]=CELLCENTERED)
1
0.808828
0.674358
0.54532
0.372547
0.141224
-0.0664018
-0.212987
-0.3
0.984984
0.795752
0.665554
0.541485
0.375734
0.153962
-0.0450757
-0.185611
-0.269039
0.966571
0.777626
0.652196
0.53409
0.376946
0.166997
-0.021345
-0.154313
-0.233234
0.954479
0.757486
0.631824
0.515133
0.360635
0.154552
-0.030358
-0.161076
-0.238796
0.950588
0.748848
0.623456
0.508097
0.355852
0.152951
-0.0291863
-0.158115
-0.234899
0.950074
0.747078
0.623243
0.510097
0.361115
0.162684
-0.0154802
-0.141677
-0.216889
0.952598
0.749841
0.62898
0.51952
0.375831
0.184625
0.0129547
-0.10868
-0.181193
0.963305
0.762034
0.646058
0.542446
0.407099
0.227307
0.0659629
-0.0483361
-0.116453
1
0.800349
0.691447
0.596447
0.473469
0.31068
0.164786
0.0615006
0
1.1
0.98383
0.936983
0.907591
0.884739
0.875002
0.880941
0.891568
0.9
1.01139
0.908782
0.866917
0.840209
0.818472
0.806295
0.805995
0.809268
0.811707
0.875629
0.792111
0.756991
0.733614
0.712549
0.695107
0.683574
0.674077
0.666243
0.73916
0.674088
0.645375
0.625039
0.604269
0.581053
0.557799
0.535142
0.516765
0.649378
0.597127
0.573
0.555005
0.534907
0.508648
0.478584
0.448122
0.423452
0.582812
0.540853
0.520558
0.504683
0.485598
0.457831
0.423504
0.387938
0.35909
0.500018
0.471347
0.456121
0.44316
0.425684
0.396454
0.357112
0.31532
0.281306
0.381177
0.371991
0.364309
0.35576
0.340862
0.309765
0.263228
0.212314
0.170659
0.2
0.220915
0.224926
0.223207
0.212245
0.178006
0.119794
0.0540791
0
1.0944
1.16325
1.1591
1.10429
1.02368
0.950777
0.923747
0.938305
1.11058
1.17203
1.16014
1.10189
1.02272
0.952662
0.929884
0.954444
1.13118
1.18738
1.17008
1.11051
1.03187
0.963025
0.942775
0.971715
1.14397
1.19537
1.17341
1.11226
1.03356
0.966521
0.948611
0.979749
1.15015
1.19915
1.17552
1.11458
1.0365
0.969666
0.951383
0.983026
1.15508
1.20339
1.18061
1.1219
1.04594
0.978079
0.957044
0.988356
1.15713
1.20685
1.18831
1.13478
1.06279
0.993218
0.96692
0.996612
1.15508
1.21118
1.20379
1.16154
1.09727
1.02601
0.98985
1.01321
273.628
286.82
306.571
323.568
320.836
290.767
266.696
262.963
278.525
292.922
312.675
327.904
323.6
293.496
269.274
265.221
283.424
299.095
318.161
331.323
325.947
297.019
273.756
269.762
286.952
303.473
322.232
334.088
327.593
298.852
276.154
272.607
289.397
306.108
324.597
335.962
329.631
301.802
279.1
275.275
291.374
307.718
325.853
337.314
332.459
306.758
283.959
279.118
292.987
308.2
325.864
338.183
336.687
315.168
292.762
286.13
294.03
306.583
323.184
337.234
342.036
328.882
309.1
299.832
25.9653
33.8921
38.7453
41.0261
39.0193
34.4647
33.1658
30.3298
26.6648
31.414
34.3115
35.963
35.5518
33.2976
31.9443
28.7918
24.8808
27.962
29.7267
30.7765
31.0684
29.9685
28.6333
26.7712
22.5921
25.038
26.4612
27.2756
27.1839
25.9575
24.6983
23.3265
19.8978
22.1752
23.521
24.2227
23.5606
22.148
21.2712
20.2263
16.4541
18.799
20.1695
20.8428
19.8089
18.412
18.0134
17.5909
11.4593
13.8288
15.2292
16.0065
14.9861
13.8781
14.0252
14.6274
4.57353
6.23725
7.40293
8.52101
8.44578
8.33663
9.07372
10.84
112829
112167
109674
108215
110751
111661
107688
104959
115317
115509
113867
112552
113975
113628
109815
108184
117765
117754
116167
114827
115669
114817
111298
110177
118856
118411
116697
115298
115789
114668
111254
110180
119129
118402
116601
115148
115451
114260
110946
109921
119198
118290
116448
114976
115253
114157
110981
110083
118664
117650
115806
114318
114626
113917
111092
110385
116864
115731
113789
112150
112460
112760
110831
110244
0.72347
0.786067
0.849018
0.880568
0.830456
0.722104
0.665242
0.668902
0.733854
0.79311
0.848566
0.872313
0.824181
0.722842
0.666882
0.669702
0.745243
0.806199
0.85711
0.874566
0.826514
0.730694
0.677054
0.680409
0.754718
0.817681
0.866479
0.879896
0.830032
0.736051
0.684234
0.689545
0.76177
0.825475
0.873337
0.885686
0.836865
0.745055
0.692749
0.697612
0.767803
0.83105
0.878566
0.892221
0.847954
0.760235
0.706165
0.708239
0.773837
0.835094
0.883176
0.901516
0.867313
0.787275
0.730807
0.727569
0.781351
0.838404
0.888639
0.917537
0.903231
0.838711
0.781045
0.768723
0
0
0
0
0
0
0
0
0
0
0
0
0
0
0
0
0
0
0
0
0
0
0
0
0
0
0
0
0
0
0
0
0
0
0
0
0
0
0
0
0
0
0
0
0
0
0
0
0
0
0
0
0
0
0
0
0
0
0
0
0
0
0
0
ZONE T="iter=800_ghosts", STRANDID=1, SOLUTIONTIME=800, I=13 J=13, DATAPACKING=BLOCK
VARLOCATION=([3-8]=CELLCENTERED)
1.37034
1.22683
1.03343
0.840031
0.696521
0.55655
0.368147
0.115451
-0.111459
-0.27166
-0.366766
-0.461872
-0.622073
1.34687
1.20813
1.01502
0.821905
0.683163
0.549155
0.369359
0.128487
-0.0877278
-0.240362
-0.330961
-0.42156
-0.574194
1.32564
1.19117
1
0.808828
0.674358
0.54532
0.372547
0.141224
-0.0664018
-0.212987
-0.3
-0.387013
-0.533598
1.30441
1.17422
0.984984
0.795752
0.665554
0.541485
0.375734
0.153962
-0.0450757
-0.185611
-0.269039
-0.352467
-0.493003
1.28095
1.15552
0.966571
0.777626
0.652196
0.53409
0.376946
0.166997
-0.021345
-0.154313
-0.233234
-0.312155
-0.445123
1.27713
1.15147
0.954479
0.757486
0.631824
0.515133
0.360635
0.154552
-0.030358
-0.161076
-0.238796
-0.316517
-0.447235
1.27772
1.15233
0.950588
0.748848
0.623456
0.508097
0.355852
0.152951
-0.0291863
-0.158115
-0.234899
-0.311683
-0.440612
1.2769
1.15307
0.950074
0.747078
0.623243
0.510097
0.361115
0.162684
-0.0154802
-0.141677
-0.216889
-0.292101
-0.418298
1.27622
1.15536
0.952598
0.749841
0.62898
0.51952
0.375831
0.184625
0.0129547
-0.10868
-0.181193
-0.253705
-0.37534
1.28055
1.16458
0.963305
0.762034
0.646058
0.542446
0.407099
0.227307
0.0659629
-0.0483361
-0.116453
-0.18457
-0.298869
1.30855
1.19965
1
0.800349
0.691447
0.596447
0.473469
0.31068
0.164786
0.0615006
0
-0.0615006
-0.164786
1.33655
1.23473
1.0367
0.838664
0.736837
0.650448
0.53984
0.394053
0.263609
0.171337
0.116453
0.0615692
-0.0307027
1.34089
1.24395
1.0474
0.850857
0.753915
0.673374
0.571108
0.436734
0.316617
0.231681
0.181193
0.130704
0.0457684
1.53177
1.47319
1.32437
1.17555
1.11697
1.08157
1.05693
1.0549
1.07831
1.10906
1.13376
1.15845
1.18921
1.37016
1.31833
1.18861
1.05888
1.00705
0.974973
0.951005
0.943709
0.955887
0.973869
0.988293
1.00272
1.0207
1.26302
1.21617
1.1
0.98383
0.936983
0.907591
0.884739
0.875002
0.880941
0.891568
0.9
0.908432
0.919059
1.15587
1.11401
1.01139
0.908782
0.866917
0.840209
0.818472
0.806295
0.805995
0.809268
0.811707
0.814147
0.81742
0.994268
0.959148
0.875629
0.792111
0.756991
0.733614
0.712549
0.695107
0.683574
0.674077
0.666243
0.658409
0.648912
0.832946
0.804232
0.73916
0.674088
0.645375
0.625039
0.604269
0.581053
0.557799
0.535142
0.516765
0.498388
0.475731
0.725756
0.701629
0.649378
0.597127
0.573
0.555005
0.534907
0.508648
0.478584
0.448122
0.423452
0.398782
0.368321
0.645066
0.624771
0.582812
0.540853
0.520558
0.504683
0.485598
0.457831
0.423504
0.387938
0.35909
0.330242
0.294676
0.543915
0.528689
0.500018
0.471347
0.456121
0.44316
0.425684
0.396454
0.357112
0.31532
0.281306
0.247291
0.205499
0.398045
0.390363
0.381177
0.371991
0.364309
0.35576
0.340862
0.309765
0.263228
0.212314
0.170659
0.129004
0.078091
0.175074
0.179085
0.2
0.220915
0.224926
0.223207
0.212245
0.178006
0.119794
0.0540791
0
-0.0540791
-0.119794
-0.0478959
-0.0321933
0.0188231
0.0698395
0.0855421
0.0906533
0.0836282
0.0462469
-0.0236398
-0.104156
-0.170659
-0.237163
-0.317679
-0.193766
-0.170519
-0.100018
-0.0295164
-0.00626981
0.00325397
-0.00119406
-0.040443
-0.117524
-0.207162
-0.281306
-0.355449
-0.445087
0.871997
0.923726
0.999406
1.05714
1.08715
1.09722
1.06947
1.00248
0.943323
0.912218
0.896483
0.888579
0.890004
0.94262
1.01709
1.07178
1.09921
1.10801
1.08218
1.01985
0.963411
0.93249
0.915827
0.904897
0.906348
0.959025
1.0944
1.16325
1.1591
1.10429
1.02368
0.950777
0.923747
0.938305
0.932015
0.91855
0.927153
0.979338
1.11058
1.17203
1.16014
1.10189
1.02272
0.952662
0.929884
0.954444
0.952699
0.937207
0.949972
1.00153
1.13118
1.18738
1.17008
1.11051
1.03187
0.963025
0.942775
0.971715
0.972463
0.956977
0.96629
1.01732
1.14397
1.19537
1.17341
1.11226
1.03356
0.966521
0.948611
0.979749
0.983926
0.969152
0.97664
1.02679
1.15015
1.19915
1.17552
1.11458
1.0365
0.969666
0.951383
0.983026
0.992586
0.977115
0.985855
1.03458
1.15508
1.20339
1.18061
1.1219
1.04594
0.978079
0.957044
0.988356
1.0035
0.9861
0.996028
1.04241
1.15713
1.20685
1.18831
1.13478
1.06279
0.993218
0.96692
0.996612
1.02117
1.00066
1.00401
1.04653
1.15508
1.21118
1.20379
1.16154
1.09727
1.02601
0.98985
1.01321
1.05154
1.02709
1.00455
1.04302
1.1036
1.14466
1.16387
1.17564
1.1759
1.15707
1.12962
1.10679
1.08783
1.06146
0.999957
1.03673
1.09768
1.13994
1.16004
1.17403
1.17985
1.16938
1.14851
1.12873
1.1109
1.08515
282.314
271.142
271.881
284.482
298.408
311.432
313.627
296.199
279.72
274.222
274.354
280.2
282.524
272.649
274.919
288.057
301.549
313.883
316.319
300.446
284.283
277.902
276.888
280.913
282.966
274.197
273.628
286.82
306.571
323.568
320.836
290.767
266.696
262.963
279.295
281.655
284.431
276.721
278.525
292.922
312.675
327.904
323.6
293.496
269.274
265.221
283.075
283.771
287.704
280.4
283.424
299.095
318.161
331.323
325.947
297.019
273.756
269.762
287.515
287.622
291.284
283.683
286.952
303.473
322.232
334.088
327.593
298.852
276.154
272.607
290.459
290.689
293.846
285.942
289.397
306.108
324.597
335.962
329.631
301.802
279.1
275.275
292.414
292.119
296.2
288.029
291.374
307.718
325.853
337.314
332.459
306.758
283.959
279.118
294.665
293.107
299.344
290.685
292.987
308.2
325.864
338.183
336.687
315.168
292.762
286.13
298.624
294.954
304.22
294.319
294.03
306.583
323.184
337.234
342.036
328.882
309.1
299.832
306.615
300.157
308.983
297.779
296.012
305.309
314.155
323.6
332.532
334.276
329.048
322.919
317.383
309.56
310.527
299.103
295.704
303.6
311.483
320.344
330.066
334.886
332.983
328.737
324.132
316.88
-4.63978
1.44361
9.02038
14.6033
18.1845
21.423
24.2714
25.2854
24.4238
23.0287
21.5919
19.3078
-1.06309
4.50568
11.2807
16.2378
19.4607
22.427
25.1342
26.2846
25.7731
24.7381
23.6304
21.7777
1.59436
6.68351
25.9653
33.8921
38.7453
41.0261
39.0193
34.4647
33.1658
30.3298
24.7539
23.1899
4.34639
8.8616
26.6648
31.414
34.3115
35.963
35.5518
33.2976
31.9443
28.7918
25.4485
24.1196
6.43259
10.4241
24.8808
27.962
29.7267
30.7765
31.0684
29.9685
28.6333
26.7712
24.9106
23.5634
7.03057
10.7527
22.5921
25.038
26.4612
27.2756
27.1839
25.9575
24.6983
23.3265
23.4619
21.9058
6.87933
10.4685
19.8978
22.1752
23.521
24.2227
23.5606
22.148
21.2712
20.2263
22.2661
20.585
6.3171
9.81126
16.4541
18.799
20.1695
20.8428
19.8089
18.412
18.0134
17.5909
21.1256
19.3901
4.86577
8.32192
11.4593
13.8288
15.2292
16.0065
14.9861
13.8781
14.0252
14.6274
19.4205
17.6554
1.27302
4.8761
4.57353
6.23725
7.40293
8.52101
8.44578
8.33663
9.07372
10.84
16.3871
14.6299
-4.45382
-0.475216
5.06899
9.08756
11.3098
13.2357
14.9415
15.543
14.7866
13.4753
12.1103
10.4875
-9.3455
-5.06536
1.07496
5.49658
7.81989
9.75668
11.4007
11.9058
11.0792
9.76657
8.48234
7.13127
93604.1
102001
105188
100181
94691.8
93262.7
101527
109151
104280
97774.9
93671.2
91663.6
95661.5
104076
106574
101240
96072.7
94904.4
102787
110797
107341
101422
97171.3
94094.9
98052.5
106104
112829
112167
109674
108215
110751
111661
107688
104959
100177
96332.1
101342
108744
115317
115509
113867
112552
113975
113628
109815
108184
103656
99273.9
104904
111632
117765
117754
116167
114827
115669
114817
111298
110177
105852
101338
107109
113478
118856
118411
116697
115298
115789
114668
111254
110180
106001
101404
108193
114341
119129
118402
116601
115148
115451
114260
110946
109921
106191
101338
108835
114786
119198
118290
116448
114976
115253
114157
110981
110083
106932
101752
108829
114709
118664
117650
115806
114318
114626
113917
111092
110385
108183
102891
106601
113003
116864
115731
113789
112150
112460
112760
110831
110244
109213
105004
101610
108933
110647
104898
100244
96748.7
96480.3
101158
105601
107116
107062
105701
97331
105071
108632
104123
99841.2
95947.5
93774
95874.8
99447.9
101564
102682
103657
0.728344
0.68962
0.708666
0.782053
0.856132
0.904935
0.862855
0.761415
0.713739
0.710395
0.719542
0.739063
0.72832
0.693574
0.718388
0.793376
0.863846
0.908736
0.870176
0.773327
0.722748
0.714987
0.721031
0.738457
0.727102
0.69691
0.72347
0.786067
0.849018
0.880568
0.830456
0.722104
0.665242
0.668902
0.722813
0.737542
0.727185
0.702206
0.733854
0.79311
0.848566
0.872313
0.824181
0.722842
0.666882
0.669702
0.728225
0.73955
0.731896
0.710315
0.745243
0.806199
0.85711
0.874566
0.826514
0.730694
0.677054
0.680409
0.739277
0.749503
0.73964
0.718381
0.754718
0.817681
0.866479
0.879896
0.830032
0.736051
0.684234
0.689545
0.750341
0.761663
0.746352
0.724676
0.76177
0.825475
0.873337
0.885686
0.836865
0.745055
0.692749
0.697612
0.757755
0.768524
0.7536
0.731242
0.767803
0.83105
0.878566
0.892221
0.847954
0.760235
0.706165
0.708239
0.764858
0.772858
0.765469
0.740898
0.773837
0.835094
0.883176
0.901516
0.867313
0.787275
0.730807
0.727569
0.777048
0.778789
0.789071
0.757085
0.781351
0.838404
0.888639
0.917537
0.903231
0.838711
0.781045
0.768723
0.80524
0.794331
0.821169
0.778749
0.790213
0.85275
0.905286
0.954161
0.982139
0.956509
0.910467
0.878037
0.855652
0.829548
0.841583
0.794165
0.794429
0.849133
0.897611
0.947498
0.990073
0.989082
0.956906
0.926618
0.901357
0.866732
1
1
1
1
1
1
1
1
1
1
1
1
1
1
1
1
1
1
1
1
1
1
1
1
1
1
0
0
0
0
0
0
0
0
1
1
1
1
0
0
0
0
0
0
0
0
1
1
1
1
0
0
0
0
0
0
0
0
1
1
1
1
0
0
0
0
0
0
0
0
1
1
1
1
0
0
0
0
0
0
0
0
1
1
1
1
0
0
0
0
0
0
0
0
1
1
1
1
0
0
0
0
0
0
0
0
1
1
1
1
0
0
0
0
0
0
0
0
1
1
1
1
1
1
1
1
1
1
1
1
1
1
1
1
1
1
1
1
1
1
1
1
1
1
ZONE T="iter=850_phys", STRANDID=1, SOLUTIONTIME=850, I=9 J=9, DATAPACKING=BLOCK
VARLOCATION=([3-8]=CELLCENTERED)
1
0.808828
0.674358
0.54532
0.372547
0.141224
-0.0664018
-0.212987
-0.3
0.984984
0.795752
0.665554
0.541485
0.375734
0.153962
-0.0450757
-0.185611
-0.269039
0.966571
0.777626
0.652196
0.53409
0.376946
0.166997
-0.021345
-0.154313
-0.233234
0.954479
0.757486
0.631824
0.515133
0.360635
0.154552
-0.030358
-0.161076
-0.238796
0.950588
0.748848
0.623456
0.508097
0.355852
0.152951
-0.0291863
-0.158115
-0.234899
0.950074
0.747078
0.623243
0.510097
0.361115
0.162684
-0.0154802
-0.141677
-0.216889
0.952598
0.749841
0.62898
0.51952
0.375831
0.184625
0.0129547
-0.10868
-0.181193
0.963305
0.762034
0.646058
0.542446
0.407099
0.227307
0.0659629
-0.0483361
-0.116453
1
0.800349
0.691447
0.596447
0.473469
0.31068
0.164786
0.0615006
0
1.1
0.98383
0.936983
0.907591
0.884739
0.875002
0.880941
0.891568
0.9
1.01139
0.908782
0.866917
0.840209
0.818472
0.806295
0.805995
0.809268
0.811707
0.875629
0.792111
0.756991
0.733614
0.712549
0.695107
0.683574
0.674077
0.666243
0.73916
0.674088
0.645375
0.625039
0.604269
0.581053
0.557799
0.535142
0.516765
0.649378
0.597127
0.573
0.555005
0.534907
0.508648
0.478584
0.448122
0.423452
0.582812
0.540853
0.520558
0.504683
0.485598
0.457831
0.423504
0.387938
0.35909
0.500018
0.471347
0.456121
0.44316
0.425684
0.396454
0.357112
0.31532
0.281306
0.381177
0.371991
0.364309
0.35576
0.340862
0.309765
0.263228
0.212314
0.170659
0.2
0.220915
0.224926
0.223207
0.212245
0.178006
0.119794
0.0540791
0
1.09851
1.16814
1.16171
1.10323
1.01977
0.946584
0.921879
0.93887
1.11483
1.1762
1.16113
1.09879
1.01682
0.946788
0.926942
0.954829
1.13518
1.19113
1.1705
1.10695
1.02555
0.956693
0.939549
0.972084
1.1477
1.19871
1.17329
1.10825
1.02685
0.959846
0.945159
0.980004
1.15361
1.20215
1.17506
1.1103
1.02955
0.962676
0.947584
0.983065
1.15843
1.20633
1.18016
1.11772
1.03907
0.970931
0.952885
0.988107
1.16041
1.20991
1.18825
1.13111
1.05631
0.985999
0.962265
0.995883
1.15839
1.21483
1.20504
1.15956
1.0923
1.01936
0.98475
1.01176
273.626
286.818
306.673
323.729
320.679
289.965
265.865
262.599
278.557
293.016
312.883
328.108
323.36
292.49
268.297
264.816
283.46
299.24
318.39
331.485
325.65
296.004
272.823
269.387
286.996
303.641
322.478
334.241
327.284
297.849
275.245
272.263
289.456
306.305
324.877
336.143
329.356
300.843
278.213
274.965
291.441
307.939
326.169
337.542
332.254
305.889
283.121
278.851
293.041
308.419
326.207
338.479
336.614
314.478
292.043
285.943
294.07
306.772
323.516
337.589
342.155
328.506
308.616
299.771
26.4283
34.5913
39.4899
41.6144
39.2666
34.3985
33.1723
30.4026
27.3018
32.1955
35.1347
36.692
36.0425
33.5563
32.1911
28.9273
25.4537
28.5649
30.323
31.2899
31.4085
30.1228
28.7133
26.7994
23.0005
25.4154
26.7896
27.5088
27.2641
25.9094
24.6405
23.2901
20.1362
22.3503
23.6248
24.2311
23.4399
21.9563
21.155
20.1779
16.521
18.7832
20.0745
20.6603
19.5202
18.1037
17.8635
17.5622
11.3544
13.6135
14.9255
15.6249
14.5176
13.4383
13.8265
14.6302
4.42046
5.90548
6.96369
8.02491
7.89673
7.84787
8.85858
10.9019
112934
112442
109916
108252
110503
111200
107360
104923
115320
115745
114071
112519
113608
112997
109343
108111
117754
118016
116381
114786
115264
114129
110788
110101
118825
118661
116875
115205
115321
113925
110712
110089
119063
118616
116736
115015
114948
113481
110367
109801
119107
118479
116564
114839
114764
113381
110373
109928
118542
117806
115911
114208
114200
113187
110466
110183
116739
115859
113912
112123
112186
112181
110243
109992
0.724602
0.786974
0.849576
0.880629
0.829474
0.720019
0.663541
0.668326
0.735491
0.794188
0.84897
0.87196
0.82266
0.720242
0.664946
0.669091
0.74682
0.807111
0.857236
0.873871
0.824765
0.728048
0.675184
0.679842
0.756244
0.818493
0.866505
0.879113
0.828254
0.733432
0.682406
0.68905
0.76332
0.826323
0.873429
0.884971
0.835163
0.74252
0.690963
0.697217
0.769396
0.831991
0.878799
0.891655
0.846395
0.757848
0.704465
0.70797
0.775461
0.836169
0.883635
0.901225
0.866034
0.785166
0.729291
0.727495
0.782988
0.8397
0.889504
0.917797
0.902558
0.837158
0.779868
0.768901
0
0
0
0
0
0
0
0
0
0
0
0
0
0
0
0
0
0
0
0
0
0
0
0
0
0
0
0
0
0
0
0
0
0
0
0
0
0
0
0
0
0
0
0
0
0
0
0
0
0
0
0
0
0
0
0
0
0
0
0
0
0
0
0
ZONE T="iter=850_ghosts", STRANDID=1, SOLUTIONTIME=850, I=13 J=13, DATAPACKING=BLOCK
VARLOCATION=([3-8]=CELLCENTERED)
1.37034
1.22683
1.03343
0.840031
0.696521
0.55655
0.368147
0.115451
-0.111459
-0.27166
-0.366766
-0.461872
-0.622073
1.34687
1.20813
1.01502
0.821905
0.683163
0.549155
0.369359
0.128487
-0.0877278
-0.240362
-0.330961
-0.42156
-0.574194
1.32564
1.19117
1
0.808828
0.674358
0.54532
0.372547
0.141224
-0.0664018
-0.212987
-0.3
-0.387013
-0.533598
1.30441
1.17422
0.984984
0.795752
0.665554
0.541485
0.375734
0.153962
-0.0450757
-0.185611
-0.269039
-0.352467
-0.493003
1.28095
1.15552
0.966571
0.777626
0.652196
0.53409
0.376946
0.166997
-0.021345
-0.154313
-0.233234
-0.312155
-0.445123
1.27713
1.15147
0.954479
0.757486
0.631824
0.515133
0.360635
0.154552
-0.030358
-0.161076
-0.238796
-0.316517
-0.447235
1.27772
1.15233
0.950588
0.748848
0.623456
0.508097
0.355852
0.152951
-0.0291863
-0.158115
-0.234899
-0.311683
-0.440612
1.2769
1.15307
0.950074
0.747078
0.623243
0.510097
0.361115
0.162684
-0.0154802
-0.141677
-0.216889
-0.292101
-0.418298
1.27622
1.15536
0.952598
0.749841
0.62898
0.51952
0.375831
0.184625
0.0129547
-0.10868
-0.181193
-0.253705
-0.37534
1.28055
1.16458
0.963305
0.762034
0.646058
0.542446
0.407099
0.227307
0.0659629
-0.0483361
-0.116453
-0.18457
-0.298869
1.30855
1.19965
1
0.800349
0.691447
0.596447
0.473469
0.31068
0.164786
0.0615006
0
-0.0615006
-0.164786
1.33655
1.23473
1.0367
0.838664
0.736837
0.650448
0.53984
0.394053
0.263609
0.171337
0.116453
0.0615692
-0.0307027
1.34089
1.24395
1.0474
0.850857
0.753915
0.673374
0.571108
0.436734
0.316617
0.231681
0.181193
0.130704
0.0457684
1.53177
1.47319
1.32437
1.17555
1.11697
1.08157
1.05693
1.0549
1.07831
1.10906
1.13376
1.15845
1.18921
1.37016
1.31833
1.18861
1.05888
1.00705
0.974973
0.951005
0.943709
0.955887
0.973869
0.988293
1.00272
1.0207
1.26302
1.21617
1.1
0.98383
0.936983
0.907591
0.884739
0.875002
0.880941
0.891568
0.9
0.908432
0.919059
1.15587
1.11401
1.01139
0.908782
0.866917
0.840209
0.818472
0.806295
0.805995
0.809268
0.811707
0.814147
0.81742
0.994268
0.959148
0.875629
0.792111
0.756991
0.733614
0.712549
0.695107
0.683574
0.674077
0.666243
0.658409
0.648912
0.832946
0.804232
0.73916
0.674088
0.645375
0.625039
0.604269
0.581053
0.557799
0.535142
0.516765
0.498388
0.475731
0.725756
0.701629
0.649378
0.597127
0.573
0.555005
0.534907
0.508648
0.478584
0.448122
0.423452
0.398782
0.368321
0.645066
0.624771
0.582812
0.540853
0.520558
0.504683
0.485598
0.457831
0.423504
0.387938
0.35909
0.330242
0.294676
0.543915
0.528689
0.500018
0.471347
0.456121
0.44316
0.425684
0.396454
0.357112
0.31532
0.281306
0.247291
0.205499
0.398045
0.390363
0.381177
0.371991
0.364309
0.35576
0.340862
0.309765
0.263228
0.212314
0.170659
0.129004
0.078091
0.175074
0.179085
0.2
0.220915
0.224926
0.223207
0.212245
0.178006
0.119794
0.0540791
0
-0.0540791
-0.119794
-0.0478959
-0.0321933
0.0188231
0.0698395
0.0855421
0.0906533
0.0836282
0.0462469
-0.0236398
-0.104156
-0.170659
-0.237163
-0.317679
-0.193766
-0.170519
-0.100018
-0.0295164
-0.00626981
0.00325397
-0.00119406
-0.040443
-0.117524
-0.207162
-0.281306
-0.355449
-0.445087
0.871997
0.923726
0.999406
1.05714
1.08715
1.09722
1.06947
1.00248
0.943323
0.912218
0.896483
0.888579
0.890004
0.94262
1.01709
1.07178
1.09921
1.10801
1.08218
1.01985
0.963411
0.93249
0.915827
0.904897
0.906348
0.959025
1.09851
1.16814
1.16171
1.10323
1.01977
0.946584
0.921879
0.93887
0.932015
0.91855
0.927153
0.979338
1.11483
1.1762
1.16113
1.09879
1.01682
0.946788
0.926942
0.954829
0.952699
0.937207
0.949972
1.00153
1.13518
1.19113
1.1705
1.10695
1.02555
0.956693
0.939549
0.972084
0.972463
0.956977
0.96629
1.01732
1.1477
1.19871
1.17329
1.10825
1.02685
0.959846
0.945159
0.980004
0.983926
0.969152
0.97664
1.02679
1.15361
1.20215
1.17506
1.1103
1.02955
0.962676
0.947584
0.983065
0.992586
0.977115
0.985855
1.03458
1.15843
1.20633
1.18016
1.11772
1.03907
0.970931
0.952885
0.988107
1.0035
0.9861
0.996028
1.04241
1.16041
1.20991
1.18825
1.13111
1.05631
0.985999
0.962265
0.995883
1.02117
1.00066
1.00401
1.04653
1.15839
1.21483
1.20504
1.15956
1.0923
1.01936
0.98475
1.01176
1.05154
1.02709
1.00455
1.04302
1.1036
1.14466
1.16387
1.17564
1.1759
1.15707
1.12962
1.10679
1.08783
1.06146
0.999957
1.03673
1.09768
1.13994
1.16004
1.17403
1.17985
1.16938
1.14851
1.12873
1.1109
1.08515
282.314
271.142
271.881
284.482
298.408
311.432
313.627
296.199
279.72
274.222
274.354
280.2
282.524
272.649
274.919
288.057
301.549
313.883
316.319
300.446
284.283
277.902
276.888
280.913
282.966
274.197
273.626
286.818
306.673
323.729
320.679
289.965
265.865
262.599
279.295
281.655
284.431
276.721
278.557
293.016
312.883
328.108
323.36
292.49
268.297
264.816
283.075
283.771
287.704
280.4
283.46
299.24
318.39
331.485
325.65
296.004
272.823
269.387
287.515
287.622
291.284
283.683
286.996
303.641
322.478
334.241
327.284
297.849
275.245
272.263
290.459
290.689
293.846
285.942
289.456
306.305
324.877
336.143
329.356
300.843
278.213
274.965
292.414
292.119
296.2
288.029
291.441
307.939
326.169
337.542
332.254
305.889
283.121
278.851
294.665
293.107
299.344
290.685
293.041
308.419
326.207
338.479
336.614
314.478
292.043
285.943
298.624
294.954
304.22
294.319
294.07
306.772
323.516
337.589
342.155
328.506
308.616
299.771
306.615
300.157
308.983
297.779
296.012
305.309
314.155
323.6
332.532
334.276
329.048
322.919
317.383
309.56
310.527
299.103
295.704
303.6
311.483
320.344
330.066
334.886
332.983
328.737
324.132
316.88
-4.63978
1.44361
9.02038
14.6033
18.1845
21.423
24.2714
25.2854
24.4238
23.0287
21.5919
19.3078
-1.06309
4.50568
11.2807
16.2378
19.4607
22.427
25.1342
26.2846
25.7731
24.7381
23.6304
21.7777
1.59436
6.68351
26.4283
34.5913
39.4899
41.6144
39.2666
34.3985
33.1723
30.4026
24.7539
23.1899
4.34639
8.8616
27.3018
32.1955
35.1347
36.692
36.0425
33.5563
32.1911
28.9273
25.4485
24.1196
6.43259
10.4241
25.4537
28.5649
30.323
31.2899
31.4085
30.1228
28.7133
26.7994
24.9106
23.5634
7.03057
10.7527
23.0005
25.4154
26.7896
27.5088
27.2641
25.9094
24.6405
23.2901
23.4619
21.9058
6.87933
10.4685
20.1362
22.3503
23.6248
24.2311
23.4399
21.9563
21.155
20.1779
22.2661
20.585
6.3171
9.81126
16.521
18.7832
20.0745
20.6603
19.5202
18.1037
17.8635
17.5622
21.1256
19.3901
4.86577
8.32192
11.3544
13.6135
14.9255
15.6249
14.5176
13.4383
13.8265
14.6302
19.4205
17.6554
1.27302
4.8761
4.42046
5.90548
6.96369
8.02491
7.89673
7.84787
8.85858
10.9019
16.3871
14.6299
-4.45382
-0.475216
5.06899
9.08756
11.3098
13.2357
14.9415
15.543
14.7866
13.4753
12.1103
10.4875
-9.3455
-5.06536
1.07496
5.49658
7.81989
9.75668
11.4007
11.9058
11.0792
9.76657
8.48234
7.13127
93604.1
102001
105188
100181
94691.8
93262.7
101527
109151
104280
97774.9
93671.2
91663.6
95661.5
104076
106574
101240
96072.7
94904.4
102787
110797
107341
101422
97171.3
94094.9
98052.5
106104
112934
112442
109916
108252
110503
111200
107360
104923
100177
96332.1
101342
108744
115320
115745
114071
112519
113608
112997
109343
108111
103656
99273.9
104904
111632
117754
118016
116381
114786
115264
114129
110788
110101
105852
101338
107109
113478
118825
118661
116875
115205
115321
113925
110712
110089
106001
101404
108193
114341
119063
118616
116736
115015
114948
113481
110367
109801
106191
101338
108835
114786
119107
118479
116564
114839
114764
113381
110373
109928
106932
101752
108829
114709
118542
117806
115911
114208
114200
113187
110466
110183
108183
102891
106601
113003
116739
115859
113912
112123
112186
112181
110243
109992
109213
105004
101610
108933
110647
104898
100244
96748.7
96480.3
101158
105601
107116
107062
105701
97331
105071
108632
104123
99841.2
95947.5
93774
95874.8
99447.9
101564
102682
103657
0.728344
0.68962
0.708666
0.782053
0.856132
0.904935
0.862855
0.761415
0.713739
0.710395
0.719542
0.739063
0.72832
0.693574
0.718388
0.793376
0.863846
0.908736
0.870176
0.773327
0.722748
0.714987
0.721031
0.738457
0.727102
0.69691
0.724602
0.786974
0.849576
0.880629
0.829474
0.720019
0.663541
0.668326
0.722813
0.737542
0.727185
0.702206
0.735491
0.794188
0.84897
0.87196
0.82266
0.720242
0.664946
0.669091
0.728225
0.73955
0.731896
0.710315
0.74682
0.807111
0.857236
0.873871
0.824765
0.728048
0.675184
0.679842
0.739277
0.749503
0.73964
0.718381
0.756244
0.818493
0.866505
0.879113
0.828254
0.733432
0.682406
0.68905
0.750341
0.761663
0.746352
0.724676
0.76332
0.826323
0.873429
0.884971
0.835163
0.74252
0.690963
0.697217
0.757755
0.768524
0.7536
0.731242
0.769396
0.831991
0.878799
0.891655
0.846395
0.757848
0.704465
0.70797
0.764858
0.772858
0.765469
0.740898
0.775461
0.836169
0.883635
0.901225
0.866034
0.785166
0.729291
0.727495
0.777048
0.778789
0.789071
0.757085
0.782988
0.8397
0.889504
0.917797
0.902558
0.837158
0.779868
0.768901
0.80524
0.794331
0.821169
0.778749
0.790213
0.85275
0.905286
0.954161
0.982139
0.956509
0.910467
0.878037
0.855652
0.829548
0.841583
0.794165
0.794429
0.849133
0.897611
0.947498
0.990073
0.989082
0.956906
0.926618
0.901357
0.866732
1
1
1
1
1
1
1
1
1
1
1
1
1
1
1
1
1
1
1
1
1
1
1
1
1
1
0
0
0
0
0
0
0
0
1
1
1
1
0
0
0
0
0
0
0
0
1
1
1
1
0
0
0
0
0
0
0
0
1
1
1
1
0
0
0
0
0
0
0
0
1
1
1
1
0
0
0
0
0
0
0
0
1
1
1
1
0
0
0
0
0
0
0
0
1
1
1
1
0
0
0
0
0
0
0
0
1
1
1
1
0
0
0
0
0
0
0
0
1
1
1
1
1
1
1
1
1
1
1
1
1
1
1
1
1
1
1
1
1
1
1
1
1
1
ZONE T="iter=900_phys", STRANDID=1, SOLUTIONTIME=900, I=9 J=9, DATAPACKING=BLOCK
VARLOCATION=([3-8]=CELLCENTERED)
1
0.808828
0.674358
0.54532
0.372547
0.141224
-0.0664018
-0.212987
-0.3
0.984984
0.795752
0.665554
0.541485
0.375734
0.153962
-0.0450757
-0.185611
-0.269039
0.966571
0.777626
0.652196
0.53409
0.376946
0.166997
-0.021345
-0.154313
-0.233234
0.954479
0.757486
0.631824
0.515133
0.360635
0.154552
-0.030358
-0.161076
-0.238796
0.950588
0.748848
0.623456
0.508097
0.355852
0.152951
-0.0291863
-0.158115
-0.234899
0.950074
0.747078
0.623243
0.510097
0.361115
0.162684
-0.0154802
-0.141677
-0.216889
0.952598
0.749841
0.62898
0.51952
0.375831
0.184625
0.0129547
-0.10868
-0.181193
0.963305
0.762034
0.646058
0.542446
0.407099
0.227307
0.0659629
-0.0483361
-0.116453
1
0.800349
0.691447
0.596447
0.473469
0.31068
0.164786
0.0615006
0
1.1
0.98383
0.936983
0.907591
0.884739
0.875002
0.880941
0.891568
0.9
1.01139
0.908782
0.866917
0.840209
0.818472
0.806295
0.805995
0.809268
0.811707
0.875629
0.792111
0.756991
0.733614
0.712549
0.695107
0.683574
0.674077
0.666243
0.73916
0.674088
0.645375
0.625039
0.604269
0.581053
0.557799
0.535142
0.516765
0.649378
0.597127
0.573
0.555005
0.534907
0.508648
0.478584
0.448122
0.423452
0.582812
0.540853
0.520558
0.504683
0.485598
0.457831
0.423504
0.387938
0.35909
0.500018
0.471347
0.456121
0.44316
0.425684
0.396454
0.357112
0.31532
0.281306
0.381177
0.371991
0.364309
0.35576
0.340862
0.309765
0.263228
0.212314
0.170659
0.2
0.220915
0.224926
0.223207
0.212245
0.178006
0.119794
0.0540791
0
1.10259
1.17294
1.16421
1.10213
1.0159
0.942507
0.920164
0.93947
1.1191
1.18027
1.16194
1.09558
1.0109
0.94102
0.924177
0.955261
1.13918
1.19472
1.17068
1.10322
1.01917
0.950439
0.936492
0.972497
1.1514
1.20185
1.17292
1.10404
1.02008
0.953245
0.941882
0.980305
1.15703
1.20496
1.17433
1.10582
1.02253
0.955764
0.943976
0.983164
1.16175
1.20909
1.17947
1.11335
1.03213
0.963861
0.948921
0.987929
1.16369
1.21283
1.18795
1.12727
1.04977
0.978859
0.957814
0.995239
1.16172
1.21837
1.20611
1.15745
1.08726
1.01279
0.979855
1.01041
273.631
286.818
306.756
323.857
320.499
289.184
265.093
262.264
278.607
293.115
313.064
328.27
323.09
291.501
267.388
264.446
283.513
299.382
318.584
331.602
325.322
295.011
271.964
269.046
287.056
303.805
322.687
334.348
326.945
296.868
274.411
271.954
289.53
306.498
325.121
336.278
329.049
299.906
277.402
274.692
291.522
308.155
326.45
337.723
332.016
305.036
282.354
278.622
293.108
308.639
326.518
338.73
336.504
313.796
291.387
285.791
294.123
306.966
323.825
337.903
342.233
328.121
308.176
299.738
26.8817
35.2749
40.2037
42.1586
39.4684
34.3008
33.1654
30.4672
27.9204
32.9623
35.938
37.3935
36.5013
33.7884
32.422
29.0509
26.0167
29.165
30.9163
31.7967
31.7368
30.2633
28.7863
26.8261
23.4007
25.7882
27.1126
27.735
27.3364
25.8557
24.584
23.256
20.3663
22.5172
23.7189
24.2301
23.3137
21.7684
21.0499
20.1325
16.5826
18.7592
19.9694
20.4695
19.2308
17.8102
17.7365
17.5383
11.2525
13.3956
14.6175
15.2422
14.0578
13.0254
13.6638
14.6422
4.27643
5.57734
6.52924
7.53911
7.36815
7.39636
8.68903
10.9774
113052
112723
110155
108282
110254
110755
107060
104903
115339
115981
114259
112465
113228
112378
108901
108055
117752
118270
116569
114713
114838
113447
110307
110042
118800
118897
117023
115078
114831
113188
110201
110014
119002
118816
116840
114847
114424
112710
109820
109700
119021
118655
116650
114671
114255
112612
109797
109794
118429
117954
115995
114071
113755
112464
109873
110003
116630
115990
114025
112079
111897
111605
109683
109762
0.725696
0.787835
0.850044
0.880595
0.828436
0.717968
0.661949
0.667779
0.73713
0.795241
0.849295
0.871526
0.821092
0.717684
0.663147
0.668524
0.748411
0.807997
0.857281
0.8731
0.822976
0.725457
0.673469
0.679323
0.757784
0.819278
0.866451
0.878255
0.826438
0.730875
0.680738
0.688606
0.764884
0.827142
0.873441
0.884182
0.833421
0.740043
0.689338
0.696874
0.770998
0.832902
0.878949
0.891012
0.844793
0.755511
0.702919
0.707756
0.777093
0.837216
0.884013
0.900854
0.864704
0.783088
0.727912
0.727471
0.784616
0.840964
0.890286
0.917963
0.901813
0.835601
0.778788
0.769116
0
0
0
0
0
0
0
0
0
0
0
0
0
0
0
0
0
0
0
0
0
0
0
0
0
0
0
0
0
0
0
0
0
0
0
0
0
0
0
0
0
0
0
0
0
0
0
0
0
0
0
0
0
0
0
0
0
0
0
0
0
0
0
0
ZONE T="iter=900_ghosts", STRANDID=1, SOLUTIONTIME=900, I=13 J=13, DATAPACKING=BLOCK
VARLOCATION=([3-8]=CELLCENTERED)
1.37034
1.22683
1.03343
0.840031
0.696521
0.55655
0.368147
0.115451
-0.111459
-0.27166
-0.366766
-0.461872
-0.622073
1.34687
1.20813
1.01502
0.821905
0.683163
0.549155
0.369359
0.128487
-0.0877278
-0.240362
-0.330961
-0.42156
-0.574194
1.32564
1.19117
1
0.808828
0.674358
0.54532
0.372547
0.141224
-0.0664018
-0.212987
-0.3
-0.387013
-0.533598
1.30441
1.17422
0.984984
0.795752
0.665554
0.541485
0.375734
0.153962
-0.0450757
-0.185611
-0.269039
-0.352467
-0.493003
1.28095
1.15552
0.966571
0.777626
0.652196
0.53409
0.376946
0.166997
-0.021345
-0.154313
-0.233234
-0.312155
-0.445123
1.27713
1.15147
0.954479
0.757486
0.631824
0.515133
0.360635
0.154552
-0.030358
-0.161076
-0.238796
-0.316517
-0.447235
1.27772
1.15233
0.950588
0.748848
0.623456
0.508097
0.355852
0.152951
-0.0291863
-0.158115
-0.234899
-0.311683
-0.440612
1.2769
1.15307
0.950074
0.747078
0.623243
0.510097
0.361115
0.162684
-0.0154802
-0.141677
-0.216889
-0.292101
-0.418298
1.27622
1.15536
0.952598
0.749841
0.62898
0.51952
0.375831
0.184625
0.0129547
-0.10868
-0.181193
-0.253705
-0.37534
1.28055
1.16458
0.963305
0.762034
0.646058
0.542446
0.407099
0.227307
0.0659629
-0.0483361
-0.116453
-0.18457
-0.298869
1.30855
1.19965
1
0.800349
0.691447
0.596447
0.473469
0.31068
0.164786
0.0615006
0
-0.0615006
-0.164786
1.33655
1.23473
1.0367
0.838664
0.736837
0.650448
0.53984
0.394053
0.263609
0.171337
0.116453
0.0615692
-0.0307027
1.34089
1.24395
1.0474
0.850857
0.753915
0.673374
0.571108
0.436734
0.316617
0.231681
0.181193
0.130704
0.0457684
1.53177
1.47319
1.32437
1.17555
1.11697
1.08157
1.05693
1.0549
1.07831
1.10906
1.13376
1.15845
1.18921
1.37016
1.31833
1.18861
1.05888
1.00705
0.974973
0.951005
0.943709
0.955887
0.973869
0.988293
1.00272
1.0207
1.26302
1.21617
1.1
0.98383
0.936983
0.907591
0.884739
0.875002
0.880941
0.891568
0.9
0.908432
0.919059
1.15587
1.11401
1.01139
0.908782
0.866917
0.840209
0.818472
0.806295
0.805995
0.809268
0.811707
0.814147
0.81742
0.994268
0.959148
0.875629
0.792111
0.756991
0.733614
0.712549
0.695107
0.683574
0.674077
0.666243
0.658409
0.648912
0.832946
0.804232
0.73916
0.674088
0.645375
0.625039
0.604269
0.581053
0.557799
0.535142
0.516765
0.498388
0.475731
0.725756
0.701629
0.649378
0.597127
0.573
0.555005
0.534907
0.508648
0.478584
0.448122
0.423452
0.398782
0.368321
0.645066
0.624771
0.582812
0.540853
0.520558
0.504683
0.485598
0.457831
0.423504
0.387938
0.35909
0.330242
0.294676
0.543915
0.528689
0.500018
0.471347
0.456121
0.44316
0.425684
0.396454
0.357112
0.31532
0.281306
0.247291
0.205499
0.398045
0.390363
0.381177
0.371991
0.364309
0.35576
0.340862
0.309765
0.263228
0.212314
0.170659
0.129004
0.078091
0.175074
0.179085
0.2
0.220915
0.224926
0.223207
0.212245
0.178006
0.119794
0.0540791
0
-0.0540791
-0.119794
-0.0478959
-0.0321933
0.0188231
0.0698395
0.0855421
0.0906533
0.0836282
0.0462469
-0.0236398
-0.104156
-0.170659
-0.237163
-0.317679
-0.193766
-0.170519
-0.100018
-0.0295164
-0.00626981
0.00325397
-0.00119406
-0.040443
-0.117524
-0.207162
-0.281306
-0.355449
-0.445087
0.871997
0.923726
0.999406
1.05714
1.08715
1.09722
1.06947
1.00248
0.943323
0.912218
0.896483
0.888579
0.890004
0.94262
1.01709
1.07178
1.09921
1.10801
1.08218
1.01985
0.963411
0.93249
0.915827
0.904897
0.906348
0.959025
1.10259
1.17294
1.16421
1.10213
1.0159
0.942507
0.920164
0.93947
0.932015
0.91855
0.927153
0.979338
1.1191
1.18027
1.16194
1.09558
1.0109
0.94102
0.924177
0.955261
0.952699
0.937207
0.949972
1.00153
1.13918
1.19472
1.17068
1.10322
1.01917
0.950439
0.936492
0.972497
0.972463
0.956977
0.96629
1.01732
1.1514
1.20185
1.17292
1.10404
1.02008
0.953245
0.941882
0.980305
0.983926
0.969152
0.97664
1.02679
1.15703
1.20496
1.17433
1.10582
1.02253
0.955764
0.943976
0.983164
0.992586
0.977115
0.985855
1.03458
1.16175
1.20909
1.17947
1.11335
1.03213
0.963861
0.948921
0.987929
1.0035
0.9861
0.996028
1.04241
1.16369
1.21283
1.18795
1.12727
1.04977
0.978859
0.957814
0.995239
1.02117
1.00066
1.00401
1.04653
1.16172
1.21837
1.20611
1.15745
1.08726
1.01279
0.979855
1.01041
1.05154
1.02709
1.00455
1.04302
1.1036
1.14466
1.16387
1.17564
1.1759
1.15707
1.12962
1.10679
1.08783
1.06146
0.999957
1.03673
1.09768
1.13994
1.16004
1.17403
1.17985
1.16938
1.14851
1.12873
1.1109
1.08515
282.314
271.142
271.881
284.482
298.408
311.432
313.627
296.199
279.72
274.222
274.354
280.2
282.524
272.649
274.919
288.057
301.549
313.883
316.319
300.446
284.283
277.902
276.888
280.913
282.966
274.197
273.631
286.818
306.756
323.857
320.499
289.184
265.093
262.264
279.295
281.655
284.431
276.721
278.607
293.115
313.064
328.27
323.09
291.501
267.388
264.446
283.075
283.771
287.704
280.4
283.513
299.382
318.584
331.602
325.322
295.011
271.964
269.046
287.515
287.622
291.284
283.683
287.056
303.805
322.687
334.348
326.945
296.868
274.411
271.954
290.459
290.689
293.846
285.942
289.53
306.498
325.121
336.278
329.049
299.906
277.402
274.692
292.414
292.119
296.2
288.029
291.522
308.155
326.45
337.723
332.016
305.036
282.354
278.622
294.665
293.107
299.344
290.685
293.108
308.639
326.518
338.73
336.504
313.796
291.387
285.791
298.624
294.954
304.22
294.319
294.123
306.966
323.825
337.903
342.233
328.121
308.176
299.738
306.615
300.157
308.983
297.779
296.012
305.309
314.155
323.6
332.532
334.276
329.048
322.919
317.383
309.56
310.527
299.103
295.704
303.6
311.483
320.344
330.066
334.886
332.983
328.737
324.132
316.88
-4.63978
1.44361
9.02038
14.6033
18.1845
21.423
24.2714
25.2854
24.4238
23.0287
21.5919
19.3078
-1.06309
4.50568
11.2807
16.2378
19.4607
22.427
25.1342
26.2846
25.7731
24.7381
23.6304
21.7777
1.59436
6.68351
26.8817
35.2749
40.2037
42.1586
39.4684
34.3008
33.1654
30.4672
24.7539
23.1899
4.34639
8.8616
27.9204
32.9623
35.938
37.3935
36.5013
33.7884
32.422
29.0509
25.4485
24.1196
6.43259
10.4241
26.0167
29.165
30.9163
31.7967
31.7368
30.2633
28.7863
26.8261
24.9106
23.5634
7.03057
10.7527
23.4007
25.7882
27.1126
27.735
27.3364
25.8557
24.584
23.256
23.4619
21.9058
6.87933
10.4685
20.3663
22.5172
23.7189
24.2301
23.3137
21.7684
21.0499
20.1325
22.2661
20.585
6.3171
9.81126
16.5826
18.7592
19.9694
20.4695
19.2308
17.8102
17.7365
17.5383
21.1256
19.3901
4.86577
8.32192
11.2525
13.3956
14.6175
15.2422
14.0578
13.0254
13.6638
14.6422
19.4205
17.6554
1.27302
4.8761
4.27643
5.57734
6.52924
7.53911
7.36815
7.39636
8.68903
10.9774
16.3871
14.6299
-4.45382
-0.475216
5.06899
9.08756
11.3098
13.2357
14.9415
15.543
14.7866
13.4753
12.1103
10.4875
-9.3455
-5.06536
1.07496
5.49658
7.81989
9.75668
11.4007
11.9058
11.0792
9.76657
8.48234
7.13127
93604.1
102001
105188
100181
94691.8
93262.7
101527
109151
104280
97774.9
93671.2
91663.6
95661.5
104076
106574
101240
96072.7
94904.4
102787
110797
107341
101422
97171.3
94094.9
98052.5
106104
113052
112723
110155
108282
110254
110755
107060
104903
100177
96332.1
101342
108744
115339
115981
114259
112465
113228
112378
108901
108055
103656
99273.9
104904
111632
117752
118270
116569
114713
114838
113447
110307
110042
105852
101338
107109
113478
118800
118897
117023
115078
114831
113188
110201
110014
106001
101404
108193
114341
119002
118816
116840
114847
114424
112710
109820
109700
106191
101338
108835
114786
119021
118655
116650
114671
114255
112612
109797
109794
106932
101752
108829
114709
118429
117954
115995
114071
113755
112464
109873
110003
108183
102891
106601
113003
116630
115990
114025
112079
111897
111605
109683
109762
109213
105004
101610
108933
110647
104898
100244
96748.7
96480.3
101158
105601
107116
107062
105701
97331
105071
108632
104123
99841.2
95947.5
93774
95874.8
99447.9
101564
102682
103657
0.728344
0.68962
0.708666
0.782053
0.856132
0.904935
0.862855
0.761415
0.713739
0.710395
0.719542
0.739063
0.72832
0.693574
0.718388
0.793376
0.863846
0.908736
0.870176
0.773327
0.722748
0.714987
0.721031
0.738457
0.727102
0.69691
0.725696
0.787835
0.850044
0.880595
0.828436
0.717968
0.661949
0.667779
0.722813
0.737542
0.727185
0.702206
0.73713
0.795241
0.849295
0.871526
0.821092
0.717684
0.663147
0.668524
0.728225
0.73955
0.731896
0.710315
0.748411
0.807997
0.857281
0.8731
0.822976
0.725457
0.673469
0.679323
0.739277
0.749503
0.73964
0.718381
0.757784
0.819278
0.866451
0.878255
0.826438
0.730875
0.680738
0.688606
0.750341
0.761663
0.746352
0.724676
0.764884
0.827142
0.873441
0.884182
0.833421
0.740043
0.689338
0.696874
0.757755
0.768524
0.7536
0.731242
0.770998
0.832902
0.878949
0.891012
0.844793
0.755511
0.702919
0.707756
0.764858
0.772858
0.765469
0.740898
0.777093
0.837216
0.884013
0.900854
0.864704
0.783088
0.727912
0.727471
0.777048
0.778789
0.789071
0.757085
0.784616
0.840964
0.890286
0.917963
0.901813
0.835601
0.778788
0.769116
0.80524
0.794331
0.821169
0.778749
0.790213
0.85275
0.905286
0.954161
0.982139
0.956509
0.910467
0.878037
0.855652
0.829548
0.841583
0.794165
0.794429
0.849133
0.897611
0.947498
0.990073
0.989082
0.956906
0.926618
0.901357
0.866732
1
1
1
1
1
1
1
1
1
1
1
1
1
1
1
1
1
1
1
1
1
1
1
1
1
1
0
0
0
0
0
0
0
0
1
1
1
1
0
0
0
0
0
0
0
0
1
1
1
1
0
0
0
0
0
0
0
0
1
1
1
1
0
0
0
0
0
0
0
0
1
1
1
1
0
0
0
0
0
0
0
0
1
1
1
1
0
0
0
0
0
0
0
0
1
1
1
1
0
0
0
0
0
0
0
0
1
1
1
1
0
0
0
0
0
0
0
0
1
1
1
1
1
1
1
1
1
1
1
1
1
1
1
1
1
1
1
1
1
1
1
1
1
1
ZONE T="iter=950_phys", STRANDID=1, SOLUTIONTIME=950, I=9 J=9, DATAPACKING=BLOCK
VARLOCATION=([3-8]=CELLCENTERED)
1
0.808828
0.674358
0.54532
0.372547
0.141224
-0.0664018
-0.212987
-0.3
0.984984
0.795752
0.665554
0.541485
0.375734
0.153962
-0.0450757
-0.185611
-0.269039
0.966571
0.777626
0.652196
0.53409
0.376946
0.166997
-0.021345
-0.154313
-0.233234
0.954479
0.757486
0.631824
0.515133
0.360635
0.154552
-0.030358
-0.161076
-0.238796
0.950588
0.748848
0.623456
0.508097
0.355852
0.152951
-0.0291863
-0.158115
-0.234899
0.950074
0.747078
0.623243
0.510097
0.361115
0.162684
-0.0154802
-0.141677
-0.216889
0.952598
0.749841
0.62898
0.51952
0.375831
0.184625
0.0129547
-0.10868
-0.181193
0.963305
0.762034
0.646058
0.542446
0.407099
0.227307
0.0659629
-0.0483361
-0.116453
1
0.800349
0.691447
0.596447
0.473469
0.31068
0.164786
0.0615006
0
1.1
0.98383
0.936983
0.907591
0.884739
0.875002
0.880941
0.891568
0.9
1.01139
0.908782
0.866917
0.840209
0.818472
0.806295
0.805995
0.809268
0.811707
0.875629
0.792111
0.756991
0.733614
0.712549
0.695107
0.683574
0.674077
0.666243
0.73916
0.674088
0.645375
0.625039
0.604269
0.581053
0.557799
0.535142
0.516765
0.649378
0.597127
0.573
0.555005
0.534907
0.508648
0.478584
0.448122
0.423452
0.582812
0.540853
0.520558
0.504683
0.485598
0.457831
0.423504
0.387938
0.35909
0.500018
0.471347
0.456121
0.44316
0.425684
0.396454
0.357112
0.31532
0.281306
0.381177
0.371991
0.364309
0.35576
0.340862
0.309765
0.263228
0.212314
0.170659
0.2
0.220915
0.224926
0.223207
0.212245
0.178006
0.119794
0.0540791
0
1.10662
1.17766
1.16661
1.10098
1.01206
0.938545
0.918593
0.940094
1.12339
1.18422
1.16259
1.09226
1.00498
0.935364
0.921582
0.955732
1.14317
1.19815
1.17064
1.09932
1.01274
0.944272
0.933596
0.972944
1.15508
1.20481
1.17229
1.09964
1.01323
0.946727
0.938774
0.980643
1.16042
1.20756
1.17334
1.10115
1.01544
0.948941
0.940551
0.983311
1.16504
1.21165
1.17853
1.1088
1.02512
0.956879
0.945148
0.987811
1.16697
1.21559
1.18744
1.12326
1.04317
0.97181
0.95356
0.994668
1.16507
1.22181
1.20701
1.1552
1.08218
1.0063
0.975157
1.00916
273.642
286.82
306.818
323.953
320.3
288.425
264.376
261.951
278.672
293.215
313.216
328.391
322.793
290.534
266.546
264.106
283.581
299.521
318.744
331.673
324.967
294.041
271.175
268.735
287.131
303.964
322.86
334.41
326.579
295.914
273.651
271.676
289.617
306.684
325.327
336.367
328.715
298.993
276.663
274.45
291.615
308.365
326.694
337.86
331.748
304.204
281.658
278.425
293.188
308.854
326.797
338.937
336.362
313.125
290.793
285.671
294.189
307.162
324.109
338.177
342.272
327.731
307.78
299.729
27.327
35.9436
40.8873
42.6606
39.6273
34.1751
33.1473
30.5246
28.5215
33.7142
36.7198
38.0658
36.9275
33.9938
32.6367
29.1631
26.5691
29.7611
31.5048
32.2948
32.0517
30.3896
28.8524
26.8512
23.7926
26.1561
27.4296
27.9536
27.4003
25.7966
24.5291
23.2239
20.5884
22.6765
23.8038
24.2205
23.1828
21.5854
20.9556
20.0897
16.6398
18.7281
19.8557
20.2722
18.9424
17.5326
17.6308
17.5178
11.154
13.1759
14.3065
14.8602
13.6085
12.641
13.5349
14.6613
4.1402
5.2525
6.10019
7.06466
6.86128
6.98278
8.56216
11.0636
113181
113008
110391
108305
110005
110325
106788
104895
115372
116216
114432
112390
112837
111771
108488
108014
117760
118514
116732
114612
114395
112774
109853
109997
118781
119118
117140
114917
114321
112459
109718
109954
118945
119000
116912
114645
113880
111947
109303
109616
118940
118818
116708
114471
113727
111852
109253
109678
118326
118095
116055
113907
113291
111748
109310
109842
116536
116122
114125
112017
111594
111033
109150
109551
0.726752
0.788649
0.850426
0.880472
0.827348
0.715956
0.660459
0.667257
0.738767
0.796263
0.849539
0.871012
0.819479
0.715172
0.661479
0.667996
0.750011
0.808851
0.857245
0.872256
0.821153
0.722929
0.6719
0.678846
0.759335
0.820031
0.866316
0.877325
0.82459
0.728385
0.679223
0.688203
0.766457
0.827927
0.87337
0.883319
0.831645
0.737629
0.687867
0.696576
0.772606
0.833777
0.879016
0.890294
0.843153
0.753228
0.701521
0.707587
0.778728
0.838229
0.884309
0.900404
0.863328
0.781047
0.726664
0.727491
0.786232
0.84219
0.890983
0.918038
0.901
0.834046
0.777804
0.769363
0
0
0
0
0
0
0
0
0
0
0
0
0
0
0
0
0
0
0
0
0
0
0
0
0
0
0
0
0
0
0
0
0
0
0
0
0
0
0
0
0
0
0
0
0
0
0
0
0
0
0
0
0
0
0
0
0
0
0
0
0
0
0
0
ZONE T="iter=950_ghosts", STRANDID=1, SOLUTIONTIME=950, I=13 J=13, DATAPACKING=BLOCK
VARLOCATION=([3-8]=CELLCENTERED)
1.37034
1.22683
1.03343
0.840031
0.696521
0.55655
0.368147
0.115451
-0.111459
-0.27166
-0.366766
-0.461872
-0.622073
1.34687
1.20813
1.01502
0.821905
0.683163
0.549155
0.369359
0.128487
-0.0877278
-0.240362
-0.330961
-0.42156
-0.574194
1.32564
1.19117
1
0.808828
0.674358
0.54532
0.372547
0.141224
-0.0664018
-0.212987
-0.3
-0.387013
-0.533598
1.30441
1.17422
0.984984
0.795752
0.665554
0.541485
0.375734
0.153962
-0.0450757
-0.185611
-0.269039
-0.352467
-0.493003
1.28095
1.15552
0.966571
0.777626
0.652196
0.53409
0.376946
0.166997
-0.021345
-0.154313
-0.233234
-0.312155
-0.445123
1.27713
1.15147
0.954479
0.757486
0.631824
0.515133
0.360635
0.154552
-0.030358
-0.161076
-0.238796
-0.316517
-0.447235
1.27772
1.15233
0.950588
0.748848
0.623456
0.508097
0.355852
0.152951
-0.0291863
-0.158115
-0.234899
-0.311683
-0.440612
1.2769
1.15307
0.950074
0.747078
0.623243
0.510097
0.361115
0.162684
-0.0154802
-0.141677
-0.216889
-0.292101
-0.418298
1.27622
1.15536
0.952598
0.749841
0.62898
0.51952
0.375831
0.184625
0.0129547
-0.10868
-0.181193
-0.253705
-0.37534
1.28055
1.16458
0.963305
0.762034
0.646058
0.542446
0.407099
0.227307
0.0659629
-0.0483361
-0.116453
-0.18457
-0.298869
1.30855
1.19965
1
0.800349
0.691447
0.596447
0.473469
0.31068
0.164786
0.0615006
0
-0.0615006
-0.164786
1.33655
1.23473
1.0367
0.838664
0.736837
0.650448
0.53984
0.394053
0.263609
0.171337
0.116453
0.0615692
-0.0307027
1.34089
1.24395
1.0474
0.850857
0.753915
0.673374
0.571108
0.436734
0.316617
0.231681
0.181193
0.130704
0.0457684
1.53177
1.47319
1.32437
1.17555
1.11697
1.08157
1.05693
1.0549
1.07831
1.10906
1.13376
1.15845
1.18921
1.37016
1.31833
1.18861
1.05888
1.00705
0.974973
0.951005
0.943709
0.955887
0.973869
0.988293
1.00272
1.0207
1.26302
1.21617
1.1
0.98383
0.936983
0.907591
0.884739
0.875002
0.880941
0.891568
0.9
0.908432
0.919059
1.15587
1.11401
1.01139
0.908782
0.866917
0.840209
0.818472
0.806295
0.805995
0.809268
0.811707
0.814147
0.81742
0.994268
0.959148
0.875629
0.792111
0.756991
0.733614
0.712549
0.695107
0.683574
0.674077
0.666243
0.658409
0.648912
0.832946
0.804232
0.73916
0.674088
0.645375
0.625039
0.604269
0.581053
0.557799
0.535142
0.516765
0.498388
0.475731
0.725756
0.701629
0.649378
0.597127
0.573
0.555005
0.534907
0.508648
0.478584
0.448122
0.423452
0.398782
0.368321
0.645066
0.624771
0.582812
0.540853
0.520558
0.504683
0.485598
0.457831
0.423504
0.387938
0.35909
0.330242
0.294676
0.543915
0.528689
0.500018
0.471347
0.456121
0.44316
0.425684
0.396454
0.357112
0.31532
0.281306
0.247291
0.205499
0.398045
0.390363
0.381177
0.371991
0.364309
0.35576
0.340862
0.309765
0.263228
0.212314
0.170659
0.129004
0.078091
0.175074
0.179085
0.2
0.220915
0.224926
0.223207
0.212245
0.178006
0.119794
0.0540791
0
-0.0540791
-0.119794
-0.0478959
-0.0321933
0.0188231
0.0698395
0.0855421
0.0906533
0.0836282
0.0462469
-0.0236398
-0.104156
-0.170659
-0.237163
-0.317679
-0.193766
-0.170519
-0.100018
-0.0295164
-0.00626981
0.00325397
-0.00119406
-0.040443
-0.117524
-0.207162
-0.281306
-0.355449
-0.445087
0.871997
0.923726
0.999406
1.05714
1.08715
1.09722
1.06947
1.00248
0.943323
0.912218
0.896483
0.888579
0.890004
0.94262
1.01709
1.07178
1.09921
1.10801
1.08218
1.01985
0.963411
0.93249
0.915827
0.904897
0.906348
0.959025
1.10662
1.17766
1.16661
1.10098
1.01206
0.938545
0.918593
0.940094
0.932015
0.91855
0.927153
0.979338
1.12339
1.18422
1.16259
1.09226
1.00498
0.935364
0.921582
0.955732
0.952699
0.937207
0.949972
1.00153
1.14317
1.19815
1.17064
1.09932
1.01274
0.944272
0.933596
0.972944
0.972463
0.956977
0.96629
1.01732
1.15508
1.20481
1.17229
1.09964
1.01323
0.946727
0.938774
0.980643
0.983926
0.969152
0.97664
1.02679
1.16042
1.20756
1.17334
1.10115
1.01544
0.948941
0.940551
0.983311
0.992586
0.977115
0.985855
1.03458
1.16504
1.21165
1.17853
1.1088
1.02512
0.956879
0.945148
0.987811
1.0035
0.9861
0.996028
1.04241
1.16697
1.21559
1.18744
1.12326
1.04317
0.97181
0.95356
0.994668
1.02117
1.00066
1.00401
1.04653
1.16507
1.22181
1.20701
1.1552
1.08218
1.0063
0.975157
1.00916
1.05154
1.02709
1.00455
1.04302
1.1036
1.14466
1.16387
1.17564
1.1759
1.15707
1.12962
1.10679
1.08783
1.06146
0.999957
1.03673
1.09768
1.13994
1.16004
1.17403
1.17985
1.16938
1.14851
1.12873
1.1109
1.08515
282.314
271.142
271.881
284.482
298.408
311.432
313.627
296.199
279.72
274.222
274.354
280.2
282.524
272.649
274.919
288.057
301.549
313.883
316.319
300.446
284.283
277.902
276.888
280.913
282.966
274.197
273.642
286.82
306.818
323.953
320.3
288.425
264.376
261.951
279.295
281.655
284.431
276.721
278.672
293.215
313.216
328.391
322.793
290.534
266.546
264.106
283.075
283.771
287.704
280.4
283.581
299.521
318.744
331.673
324.967
294.041
271.175
268.735
287.515
287.622
291.284
283.683
287.131
303.964
322.86
334.41
326.579
295.914
273.651
271.676
290.459
290.689
293.846
285.942
289.617
306.684
325.327
336.367
328.715
298.993
276.663
274.45
292.414
292.119
296.2
288.029
291.615
308.365
326.694
337.86
331.748
304.204
281.658
278.425
294.665
293.107
299.344
290.685
293.188
308.854
326.797
338.937
336.362
313.125
290.793
285.671
298.624
294.954
304.22
294.319
294.189
307.162
324.109
338.177
342.272
327.731
307.78
299.729
306.615
300.157
308.983
297.779
296.012
305.309
314.155
323.6
332.532
334.276
329.048
322.919
317.383
309.56
310.527
299.103
295.704
303.6
311.483
320.344
330.066
334.886
332.983
328.737
324.132
316.88
-4.63978
1.44361
9.02038
14.6033
18.1845
21.423
24.2714
25.2854
24.4238
23.0287
21.5919
19.3078
-1.06309
4.50568
11.2807
16.2378
19.4607
22.427
25.1342
26.2846
25.7731
24.7381
23.6304
21.7777
1.59436
6.68351
27.327
35.9436
40.8873
42.6606
39.6273
34.1751
33.1473
30.5246
24.7539
23.1899
4.34639
8.8616
28.5215
33.7142
36.7198
38.0658
36.9275
33.9938
32.6367
29.1631
25.4485
24.1196
6.43259
10.4241
26.5691
29.7611
31.5048
32.2948
32.0517
30.3896
28.8524
26.8512
24.9106
23.5634
7.03057
10.7527
23.7926
26.1561
27.4296
27.9536
27.4003
25.7966
24.5291
23.2239
23.4619
21.9058
6.87933
10.4685
20.5884
22.6765
23.8038
24.2205
23.1828
21.5854
20.9556
20.0897
22.2661
20.585
6.3171
9.81126
16.6398
18.7281
19.8557
20.2722
18.9424
17.5326
17.6308
17.5178
21.1256
19.3901
4.86577
8.32192
11.154
13.1759
14.3065
14.8602
13.6085
12.641
13.5349
14.6613
19.4205
17.6554
1.27302
4.8761
4.1402
5.2525
6.10019
7.06466
6.86128
6.98278
8.56216
11.0636
16.3871
14.6299
-4.45382
-0.475216
5.06899
9.08756
11.3098
13.2357
14.9415
15.543
14.7866
13.4753
12.1103
10.4875
-9.3455
-5.06536
1.07496
5.49658
7.81989
9.75668
11.4007
11.9058
11.0792
9.76657
8.48234
7.13127
93604.1
102001
105188
100181
94691.8
93262.7
101527
109151
104280
97774.9
93671.2
91663.6
95661.5
104076
106574
101240
96072.7
94904.4
102787
110797
107341
101422
97171.3
94094.9
98052.5
106104
113181
113008
110391
108305
110005
110325
106788
104895
100177
96332.1
101342
108744
115372
116216
114432
112390
112837
111771
108488
108014
103656
99273.9
104904
111632
117760
118514
116732
114612
114395
112774
109853
109997
105852
101338
107109
113478
118781
119118
117140
114917
114321
112459
109718
109954
106001
101404
108193
114341
118945
119000
116912
114645
113880
111947
109303
109616
106191
101338
108835
114786
118940
118818
116708
114471
113727
111852
109253
109678
106932
101752
108829
114709
118326
118095
116055
113907
113291
111748
109310
109842
108183
102891
106601
113003
116536
116122
114125
112017
111594
111033
109150
109551
109213
105004
101610
108933
110647
104898
100244
96748.7
96480.3
101158
105601
107116
107062
105701
97331
105071
108632
104123
99841.2
95947.5
93774
95874.8
99447.9
101564
102682
103657
0.728344
0.68962
0.708666
0.782053
0.856132
0.904935
0.862855
0.761415
0.713739
0.710395
0.719542
0.739063
0.72832
0.693574
0.718388
0.793376
0.863846
0.908736
0.870176
0.773327
0.722748
0.714987
0.721031
0.738457
0.727102
0.69691
0.726752
0.788649
0.850426
0.880472
0.827348
0.715956
0.660459
0.667257
0.722813
0.737542
0.727185
0.702206
0.738767
0.796263
0.849539
0.871012
0.819479
0.715172
0.661479
0.667996
0.728225
0.73955
0.731896
0.710315
0.750011
0.808851
0.857245
0.872256
0.821153
0.722929
0.6719
0.678846
0.739277
0.749503
0.73964
0.718381
0.759335
0.820031
0.866316
0.877325
0.82459
0.728385
0.679223
0.688203
0.750341
0.761663
0.746352
0.724676
0.766457
0.827927
0.87337
0.883319
0.831645
0.737629
0.687867
0.696576
0.757755
0.768524
0.7536
0.731242
0.772606
0.833777
0.879016
0.890294
0.843153
0.753228
0.701521
0.707587
0.764858
0.772858
0.765469
0.740898
0.778728
0.838229
0.884309
0.900404
0.863328
0.781047
0.726664
0.727491
0.777048
0.778789
0.789071
0.757085
0.786232
0.84219
0.890983
0.918038
0.901
0.834046
0.777804
0.769363
0.80524
0.794331
0.821169
0.778749
0.790213
0.85275
0.905286
0.954161
0.982139
0.956509
0.910467
0.878037
0.855652
0.829548
0.841583
0.794165
0.794429
0.849133
0.897611
0.947498
0.990073
0.989082
0.956906
0.926618
0.901357
0.866732
1
1
1
1
1
1
1
1
1
1
1
1
1
1
1
1
1
1
1
1
1
1
1
1
1
1
0
0
0
0
0
0
0
0
1
1
1
1
0
0
0
0
0
0
0
0
1
1
1
1
0
0
0
0
0
0
0
0
1
1
1
1
0
0
0
0
0
0
0
0
1
1
1
1
0
0
0
0
0
0
0
0
1
1
1
1
0
0
0
0
0
0
0
0
1
1
1
1
0
0
0
0
0
0
0
0
1
1
1
1
0
0
0
0
0
0
0
0
1
1
1
1
1
1
1
1
1
1
1
1
1
1
1
1
1
1
1
1
1
1
1
1
1
1
ZONE T="iter=1000_phys", STRANDID=1, SOLUTIONTIME=1000, I=9 J=9, DATAPACKING=BLOCK
VARLOCATION=([3-8]=CELLCENTERED)
1
0.808828
0.674358
0.54532
0.372547
0.141224
-0.0664018
-0.212987
-0.3
0.984984
0.795752
0.665554
0.541485
0.375734
0.153962
-0.0450757
-0.185611
-0.269039
0.966571
0.777626
0.652196
0.53409
0.376946
0.166997
-0.021345
-0.154313
-0.233234
0.954479
0.757486
0.631824
0.515133
0.360635
0.154552
-0.030358
-0.161076
-0.238796
0.950588
0.748848
0.623456
0.508097
0.355852
0.152951
-0.0291863
-0.158115
-0.234899
0.950074
0.747078
0.623243
0.510097
0.361115
0.162684
-0.0154802
-0.141677
-0.216889
0.952598
0.749841
0.62898
0.51952
0.375831
0.184625
0.0129547
-0.10868
-0.181193
0.963305
0.762034
0.646058
0.542446
0.407099
0.227307
0.0659629
-0.0483361
-0.116453
1
0.800349
0.691447
0.596447
0.473469
0.31068
0.164786
0.0615006
0
1.1
0.98383
0.936983
0.907591
0.884739
0.875002
0.880941
0.891568
0.9
1.01139
0.908782
0.866917
0.840209
0.818472
0.806295
0.805995
0.809268
0.811707
0.875629
0.792111
0.756991
0.733614
0.712549
0.695107
0.683574
0.674077
0.666243
0.73916
0.674088
0.645375
0.625039
0.604269
0.581053
0.557799
0.535142
0.516765
0.649378
0.597127
0.573
0.555005
0.534907
0.508648
0.478584
0.448122
0.423452
0.582812
0.540853
0.520558
0.504683
0.485598
0.457831
0.423504
0.387938
0.35909
0.500018
0.471347
0.456121
0.44316
0.425684
0.396454
0.357112
0.31532
0.281306
0.381177
0.371991
0.364309
0.35576
0.340862
0.309765
0.263228
0.212314
0.170659
0.2
0.220915
0.224926
0.223207
0.212245
0.178006
0.119794
0.0540791
0
1.11061
1.18228
1.16889
1.09978
1.00826
0.934695
0.917156
0.940737
1.1277
1.18806
1.16307
1.08884
0.99907
0.929825
0.919147
0.956234
1.14716
1.20142
1.17036
1.09527
1.00628
0.938197
0.930856
0.973417
1.15872
1.20756
1.1714
1.09507
1.00633
0.940298
0.935826
0.981009
1.16376
1.20995
1.17209
1.0963
1.0083
0.942214
0.937302
0.983499
1.1683
1.21402
1.17733
1.10408
1.01805
0.949995
0.941558
0.987743
1.17024
1.21819
1.18672
1.1191
1.03652
0.964861
0.949496
0.994162
1.16842
1.22512
1.20774
1.15281
1.07706
0.999904
0.97065
1.00799
273.658
286.82
306.86
324.019
320.082
287.691
263.711
261.659
278.751
293.313
313.339
328.474
322.472
289.591
265.766
263.792
283.663
299.652
318.869
331.702
324.586
293.099
270.453
268.45
287.217
304.113
322.995
334.428
326.189
294.99
272.959
271.423
289.715
306.86
325.496
336.414
328.357
298.108
275.994
274.235
291.718
308.566
326.902
337.954
331.454
303.394
281.028
278.257
293.279
309.064
327.043
339.103
336.189
312.468
290.257
285.577
294.265
307.357
324.367
338.411
342.275
327.34
307.427
299.741
27.7655
36.5977
41.5413
43.1217
39.7457
34.0244
33.12
30.576
29.1064
34.4507
37.479
38.7079
37.3203
34.1729
32.8355
29.2644
27.1107
30.352
32.0864
32.7823
32.3517
30.5011
28.9118
26.8746
24.1757
26.5186
27.7397
28.1639
27.4557
25.7324
24.476
23.1935
20.8027
22.8283
23.8801
24.2031
23.0482
21.4081
20.8715
20.0488
16.6929
18.6907
19.7345
20.07
18.6567
17.2719
17.5449
17.4998
11.0589
12.9549
13.994
14.4808
13.1716
12.286
13.4376
14.6857
4.01066
4.93074
5.67724
6.6026
6.37723
6.60753
8.475
11.1582
113320
113296
110622
108322
109755
109912
106539
104898
115420
116449
114589
112297
112437
111178
108102
107986
117776
118746
116869
114482
113935
112110
109425
109964
118765
119323
117226
114725
113794
111740
109262
109907
118891
119166
116952
114412
113318
111196
108817
109546
118864
118964
116737
114241
113182
111103
108739
109577
118232
118225
116093
113717
112813
111042
108777
109698
116455
116254
114213
111938
111278
110468
108644
109358
0.727771
0.789415
0.850723
0.880264
0.826216
0.713989
0.659068
0.666757
0.740397
0.79725
0.849702
0.87042
0.817825
0.712712
0.659935
0.667499
0.751617
0.80967
0.857129
0.871341
0.8193
0.720467
0.67047
0.678405
0.760893
0.820746
0.866102
0.876327
0.822715
0.725968
0.677854
0.687838
0.768034
0.828673
0.873218
0.882387
0.829839
0.735286
0.68654
0.696314
0.774215
0.834612
0.879
0.889503
0.841479
0.751006
0.700262
0.707457
0.780361
0.839203
0.884523
0.899877
0.861909
0.77905
0.725542
0.727548
0.787834
0.843376
0.891595
0.918024
0.900123
0.8325
0.776912
0.769638
0
0
0
0
0
0
0
0
0
0
0
0
0
0
0
0
0
0
0
0
0
0
0
0
0
0
0
0
0
0
0
0
0
0
0
0
0
0
0
0
0
0
0
0
0
0
0
0
0
0
0
0
0
0
0
0
0
0
0
0
0
0
0
0
ZONE T="iter=1000_ghosts", STRANDID=1, SOLUTIONTIME=1000, I=13 J=13, DATAPACKING=BLOCK
VARLOCATION=([3-8]=CELLCENTERED)
1.37034
1.22683
1.03343
0.840031
0.696521
0.55655
0.368147
0.115451
-0.111459
-0.27166
-0.366766
-0.461872
-0.622073
1.34687
1.20813
1.01502
0.821905
0.683163
0.549155
0.369359
0.128487
-0.0877278
-0.240362
-0.330961
-0.42156
-0.574194
1.32564
1.19117
1
0.808828
0.674358
0.54532
0.372547
0.141224
-0.0664018
-0.212987
-0.3
-0.387013
-0.533598
1.30441
1.17422
0.984984
0.795752
0.665554
0.541485
0.375734
0.153962
-0.0450757
-0.185611
-0.269039
-0.352467
-0.493003
1.28095
1.15552
0.966571
0.777626
0.652196
0.53409
0.376946
0.166997
-0.021345
-0.154313
-0.233234
-0.312155
-0.445123
1.27713
1.15147
0.954479
0.757486
0.631824
0.515133
0.360635
0.154552
-0.030358
-0.161076
-0.238796
-0.316517
-0.447235
1.27772
1.15233
0.950588
0.748848
0.623456
0.508097
0.355852
0.152951
-0.0291863
-0.158115
-0.234899
-0.311683
-0.440612
1.2769
1.15307
0.950074
0.747078
0.623243
0.510097
0.361115
0.162684
-0.0154802
-0.141677
-0.216889
-0.292101
-0.418298
1.27622
1.15536
0.952598
0.749841
0.62898
0.51952
0.375831
0.184625
0.0129547
-0.10868
-0.181193
-0.253705
-0.37534
1.28055
1.16458
0.963305
0.762034
0.646058
0.542446
0.407099
0.227307
0.0659629
-0.0483361
-0.116453
-0.18457
-0.298869
1.30855
1.19965
1
0.800349
0.691447
0.596447
0.473469
0.31068
0.164786
0.0615006
0
-0.0615006
-0.164786
1.33655
1.23473
1.0367
0.838664
0.736837
0.650448
0.53984
0.394053
0.263609
0.171337
0.116453
0.0615692
-0.0307027
1.34089
1.24395
1.0474
0.850857
0.753915
0.673374
0.571108
0.436734
0.316617
0.231681
0.181193
0.130704
0.0457684
1.53177
1.47319
1.32437
1.17555
1.11697
1.08157
1.05693
1.0549
1.07831
1.10906
1.13376
1.15845
1.18921
1.37016
1.31833
1.18861
1.05888
1.00705
0.974973
0.951005
0.943709
0.955887
0.973869
0.988293
1.00272
1.0207
1.26302
1.21617
1.1
0.98383
0.936983
0.907591
0.884739
0.875002
0.880941
0.891568
0.9
0.908432
0.919059
1.15587
1.11401
1.01139
0.908782
0.866917
0.840209
0.818472
0.806295
0.805995
0.809268
0.811707
0.814147
0.81742
0.994268
0.959148
0.875629
0.792111
0.756991
0.733614
0.712549
0.695107
0.683574
0.674077
0.666243
0.658409
0.648912
0.832946
0.804232
0.73916
0.674088
0.645375
0.625039
0.604269
0.581053
0.557799
0.535142
0.516765
0.498388
0.475731
0.725756
0.701629
0.649378
0.597127
0.573
0.555005
0.534907
0.508648
0.478584
0.448122
0.423452
0.398782
0.368321
0.645066
0.624771
0.582812
0.540853
0.520558
0.504683
0.485598
0.457831
0.423504
0.387938
0.35909
0.330242
0.294676
0.543915
0.528689
0.500018
0.471347
0.456121
0.44316
0.425684
0.396454
0.357112
0.31532
0.281306
0.247291
0.205499
0.398045
0.390363
0.381177
0.371991
0.364309
0.35576
0.340862
0.309765
0.263228
0.212314
0.170659
0.129004
0.078091
0.175074
0.179085
0.2
0.220915
0.224926
0.223207
0.212245
0.178006
0.119794
0.0540791
0
-0.0540791
-0.119794
-0.0478959
-0.0321933
0.0188231
0.0698395
0.0855421
0.0906533
0.0836282
0.0462469
-0.0236398
-0.104156
-0.170659
-0.237163
-0.317679
-0.193766
-0.170519
-0.100018
-0.0295164
-0.00626981
0.00325397
-0.00119406
-0.040443
-0.117524
-0.207162
-0.281306
-0.355449
-0.445087
0.871997
0.923726
0.999406
1.05714
1.08715
1.09722
1.06947
1.00248
0.943323
0.912218
0.896483
0.888579
0.890004
0.94262
1.01709
1.07178
1.09921
1.10801
1.08218
1.01985
0.963411
0.93249
0.915827
0.904897
0.906348
0.959025
1.11061
1.18228
1.16889
1.09978
1.00826
0.934695
0.917156
0.940737
0.932015
0.91855
0.927153
0.979338
1.1277
1.18806
1.16307
1.08884
0.99907
0.929825
0.919147
0.956234
0.952699
0.937207
0.949972
1.00153
1.14716
1.20142
1.17036
1.09527
1.00628
0.938197
0.930856
0.973417
0.972463
0.956977
0.96629
1.01732
1.15872
1.20756
1.1714
1.09507
1.00633
0.940298
0.935826
0.981009
0.983926
0.969152
0.97664
1.02679
1.16376
1.20995
1.17209
1.0963
1.0083
0.942214
0.937302
0.983499
0.992586
0.977115
0.985855
1.03458
1.1683
1.21402
1.17733
1.10408
1.01805
0.949995
0.941558
0.987743
1.0035
0.9861
0.996028
1.04241
1.17024
1.21819
1.18672
1.1191
1.03652
0.964861
0.949496
0.994162
1.02117
1.00066
1.00401
1.04653
1.16842
1.22512
1.20774
1.15281
1.07706
0.999904
0.97065
1.00799
1.05154
1.02709
1.00455
1.04302
1.1036
1.14466
1.16387
1.17564
1.1759
1.15707
1.12962
1.10679
1.08783
1.06146
0.999957
1.03673
1.09768
1.13994
1.16004
1.17403
1.17985
1.16938
1.14851
1.12873
1.1109
1.08515
282.314
271.142
271.881
284.482
298.408
311.432
313.627
296.199
279.72
274.222
274.354
280.2
282.524
272.649
274.919
288.057
301.549
313.883
316.319
300.446
284.283
277.902
276.888
280.913
282.966
274.197
273.658
286.82
306.86
324.019
320.082
287.691
263.711
261.659
279.295
281.655
284.431
276.721
278.751
293.313
313.339
328.474
322.472
289.591
265.766
263.792
283.075
283.771
287.704
280.4
283.663
299.652
318.869
331.702
324.586
293.099
270.453
268.45
287.515
287.622
291.284
283.683
287.217
304.113
322.995
334.428
326.189
294.99
272.959
271.423
290.459
290.689
293.846
285.942
289.715
306.86
325.496
336.414
328.357
298.108
275.994
274.235
292.414
292.119
296.2
288.029
291.718
308.566
326.902
337.954
331.454
303.394
281.028
278.257
294.665
293.107
299.344
290.685
293.279
309.064
327.043
339.103
336.189
312.468
290.257
285.577
298.624
294.954
304.22
294.319
294.265
307.357
324.367
338.411
342.275
327.34
307.427
299.741
306.615
300.157
308.983
297.779
296.012
305.309
314.155
323.6
332.532
334.276
329.048
322.919
317.383
309.56
310.527
299.103
295.704
303.6
311.483
320.344
330.066
334.886
332.983
328.737
324.132
316.88
-4.63978
1.44361
9.02038
14.6033
18.1845
21.423
24.2714
25.2854
24.4238
23.0287
21.5919
19.3078
-1.06309
4.50568
11.2807
16.2378
19.4607
22.427
25.1342
26.2846
25.7731
24.7381
23.6304
21.7777
1.59436
6.68351
27.7655
36.5977
41.5413
43.1217
39.7457
34.0244
33.12
30.576
24.7539
23.1899
4.34639
8.8616
29.1064
34.4507
37.479
38.7079
37.3203
34.1729
32.8355
29.2644
25.4485
24.1196
6.43259
10.4241
27.1107
30.352
32.0864
32.7823
32.3517
30.5011
28.9118
26.8746
24.9106
23.5634
7.03057
10.7527
24.1757
26.5186
27.7397
28.1639
27.4557
25.7324
24.476
23.1935
23.4619
21.9058
6.87933
10.4685
20.8027
22.8283
23.8801
24.2031
23.0482
21.4081
20.8715
20.0488
22.2661
20.585
6.3171
9.81126
16.6929
18.6907
19.7345
20.07
18.6567
17.2719
17.5449
17.4998
21.1256
19.3901
4.86577
8.32192
11.0589
12.9549
13.994
14.4808
13.1716
12.286
13.4376
14.6857
19.4205
17.6554
1.27302
4.8761
4.01066
4.93074
5.67724
6.6026
6.37723
6.60753
8.475
11.1582
16.3871
14.6299
-4.45382
-0.475216
5.06899
9.08756
11.3098
13.2357
14.9415
15.543
14.7866
13.4753
12.1103
10.4875
-9.3455
-5.06536
1.07496
5.49658
7.81989
9.75668
11.4007
11.9058
11.0792
9.76657
8.48234
7.13127
93604.1
102001
105188
100181
94691.8
93262.7
101527
109151
104280
97774.9
93671.2
91663.6
95661.5
104076
106574
101240
96072.7
94904.4
102787
110797
107341
101422
97171.3
94094.9
98052.5
106104
113320
113296
110622
108322
109755
109912
106539
104898
100177
96332.1
101342
108744
115420
116449
114589
112297
112437
111178
108102
107986
103656
99273.9
104904
111632
117776
118746
116869
114482
113935
112110
109425
109964
105852
101338
107109
113478
118765
119323
117226
114725
113794
111740
109262
109907
106001
101404
108193
114341
118891
119166
116952
114412
113318
111196
108817
109546
106191
101338
108835
114786
118864
118964
116737
114241
113182
111103
108739
109577
106932
101752
108829
114709
118232
118225
116093
113717
112813
111042
108777
109698
108183
102891
106601
113003
116455
116254
114213
111938
111278
110468
108644
109358
109213
105004
101610
108933
110647
104898
100244
96748.7
96480.3
101158
105601
107116
107062
105701
97331
105071
108632
104123
99841.2
95947.5
93774
95874.8
99447.9
101564
102682
103657
0.728344
0.68962
0.708666
0.782053
0.856132
0.904935
0.862855
0.761415
0.713739
0.710395
0.719542
0.739063
0.72832
0.693574
0.718388
0.793376
0.863846
0.908736
0.870176
0.773327
0.722748
0.714987
0.721031
0.738457
0.727102
0.69691
0.727771
0.789415
0.850723
0.880264
0.826216
0.713989
0.659068
0.666757
0.722813
0.737542
0.727185
0.702206
0.740397
0.79725
0.849702
0.87042
0.817825
0.712712
0.659935
0.667499
0.728225
0.73955
0.731896
0.710315
0.751617
0.80967
0.857129
0.871341
0.8193
0.720467
0.67047
0.678405
0.739277
0.749503
0.73964
0.718381
0.760893
0.820746
0.866102
0.876327
0.822715
0.725968
0.677854
0.687838
0.750341
0.761663
0.746352
0.724676
0.768034
0.828673
0.873218
0.882387
0.829839
0.735286
0.68654
0.696314
0.757755
0.768524
0.7536
0.731242
0.774215
0.834612
0.879
0.889503
0.841479
0.751006
0.700262
0.707457
0.764858
0.772858
0.765469
0.740898
0.780361
0.839203
0.884523
0.899877
0.861909
0.77905
0.725542
0.727548
0.777048
0.778789
0.789071
0.757085
0.787834
0.843376
0.891595
0.918024
0.900123
0.8325
0.776912
0.769638
0.80524
0.794331
0.821169
0.778749
0.790213
0.85275
0.905286
0.954161
0.982139
0.956509
0.910467
0.878037
0.855652
0.829548
0.841583
0.794165
0.794429
0.849133
0.897611
0.947498
0.990073
0.989082
0.956906
0.926618
0.901357
0.866732
1
1
1
1
1
1
1
1
1
1
1
1
1
1
1
1
1
1
1
1
1
1
1
1
1
1
0
0
0
0
0
0
0
0
1
1
1
1
0
0
0
0
0
0
0
0
1
1
1
1
0
0
0
0
0
0
0
0
1
1
1
1
0
0
0
0
0
0
0
0
1
1
1
1
0
0
0
0
0
0
0
0
1
1
1
1
0
0
0
0
0
0
0
0
1
1
1
1
0
0
0
0
0
0
0
0
1
1
1
1
0
0
0
0
0
0
0
0
1
1
1
1
1
1
1
1
1
1
1
1
1
1
1
1
1
1
1
1
1
1
1
1
1
1
